A_1_1.fq.sorted.bam	B_2_1.fq.sorted.bam	C_3_1.fq.sorted.bam	D_4_1.fq.sorted.bam	E_5_1.fq.sorted.bam	F_6_1.fq.sorted.bam	R4_1.fq.sorted.bam	R4S_1.fq.sorted.bam	R5_1.fq.sorted.bam	R5S_1.fq.sorted.bam	R6_1.fq.sorted.bam	R6S_1.fq.sorted.bam
HP_RS00005	1669	2831	1728	892	1315	1313	1886	1954	1227	1784	1550	1815
HP_RS00010	1239	1856	1430	648	865	919	1500	1616	920	1621	1372	1551
HP_RS00015	1537	2746	1457	1033	1378	1681	1988	2058	1238	1971	1679	1810
HP_RS00020	1009	1381	922	1644	2364	2392	2068	1980	1230	1792	1517	1621
HP_RS00025	929	912	944	909	774	790	1176	1291	710	1259	971	1231
HP_RS00030	1992	2343	1804	2585	3415	3266	2030	1971	1395	1963	1796	2020
HP_RS00035	566	704	544	2014	4270	3980	1382	716	706	810	904	777
HP_RS00040	376	424	507	3382	6570	6056	3263	1580	1687	1642	1687	1711
HP_RS00045	423	480	590	3100	7363	6933	4757	2173	2242	2217	2098	2173
HP_RS00050	302	366	432	1847	5178	4860	3746	1785	1805	1756	1526	1856
HP_RS00055	177	217	275	994	3475	3286	2457	1114	1290	1030	933	1279
HP_RS00060	8861	19508	7556	5723	6836	9943	13372	13831	8943	13935	12287	13312
HP_RS00065	24504	113495	17936	3541	2341	5010	8334	5583	4777	5339	7005	5332
HP_RS00070	20538	56325	14883	1151	1860	3161	8126	6139	4693	5566	6992	5165
HP_RS00075	1195	1641	1067	1451	1692	1757	2001	1921	1176	1629	1417	1611
HP_RS00080	2025	2659	2221	2082	2537	2667	2278	2093	1308	2037	1816	1790
HP_RS00085	4314	6474	4396	2399	2773	3192	4741	4221	2718	3766	3613	3452
HP_RS00090	158	190	152	1172	1129	1057	1448	1774	959	1822	1274	1845
HP_RS00095	153	197	156	1428	1386	1257	1492	1774	1092	1763	1345	2063
HP_RS00100	336	492	332	2877	3315	2951	2844	3011	1699	2873	2238	3002
HP_RS00105	78	121	61	127	273	296	253	185	119	221	155	154
HP_RS00110	674	799	570	1756	1671	1752	1801	1912	1163	1716	1341	1756
HP_RS00115	4413	5591	4243	4858	3685	3720	5071	5743	3121	5473	3997	5327
HP_RS00120	3644	5165	4178	3131	2707	2866	4350	4203	2517	3737	3364	3817
HP_RS00125	1087	1355	1150	663	907	993	1280	1047	736	957	958	930
HP_RS00130	584	754	483	1168	1568	1588	1346	1361	874	1468	900	1496
HP_RS00135	1286	1597	1175	7942	6290	7475	1697	1118	1049	1076	1453	1026
HP_RS00140	798	1137	684	727	844	854	793	549	555	517	740	497
HP_RS00145	20632	27291	18506	20848	14569	15315	13958	11318	9899	11506	13205	11440
HP_RS00150	40132	43846	37653	30801	20708	21996	43545	45720	29977	45430	41242	45746
HP_RS00155	17890	26439	16911	16917	9975	11044	18773	19161	13547	19128	18080	19932
HP_RS00160	5522	7512	5222	9493	6529	6699	7494	7061	5317	6810	7034	6945
HP_RS00165	937	1230	884	3265	2551	2499	1319	1094	847	1042	1163	1085
HP_RS00170	5949	7418	6009	5377	3783	4080	5877	6095	4061	5851	5053	5865
HP_RS00175	5932	7263	5979	5549	3290	3531	5165	5182	3707	4957	4562	5462
HP_RS00180	8216	11691	8207	6060	4898	5400	10251	9981	6503	9554	8819	9389
HP_RS00185	2023	3095	2263	2014	1654	1999	4132	3711	2535	3431	3516	3234
HP_RS00190	2340	3184	2732	1854	1783	2143	5263	4732	3155	4293	4377	4052
HP_RS00195	3261	5274	3347	2702	2995	3355	6109	5223	3683	4344	4848	4675
HP_RS00200	728	1105	658	1625	1270	1302	1865	1467	1094	1376	1305	1395
HP_RS00210	258	372	234	1623	1690	1442	3289	3874	1941	3774	2324	3536
HP_RS00215	265	380	291	900	1489	1425	1881	1940	1050	1942	1218	1981
HP_RS00220	245	231	227	997	1310	1116	2178	1949	1148	1880	1510	1847
HP_RS00225	2420	2971	2284	4248	4908	4732	5182	4903	2963	4316	3472	4367
HP_RS00230	5157	6287	4779	3912	4758	4758	6799	6856	4393	6814	5865	6868
HP_RS00235	4865	6311	5372	5153	4417	4440	7138	6814	4527	6385	6173	6404
HP_RS00240	1544	2134	1377	1450	1047	1050	1818	1839	1128	1760	1470	1790
HP_RS00245	1585	2202	1419	1226	1570	1463	2255	2386	1394	2273	1716	2280
HP_RS00250	1124	1521	1060	472	845	1011	1595	1750	995	1719	1208	1610
HP_RS00255	20	13	4	29	43	32	49	25	25	38	44	36
HP_RS00260	131	78	100	341	329	365	331	198	168	235	220	198
HP_RS00265	320	348	217	452	749	809	962	772	492	785	558	707
HP_RS00270	0	0	0	0	0	0	0	0	0	0	0	0
HP_RS00275	396	598	396	386	328	422	364	425	237	432	335	424
HP_RS00280	3875	6247	3911	2955	2301	2781	2640	2976	1668	2773	2409	2650
HP_RS00285	17262	24780	16107	15588	11759	13073	9892	11671	6754	11248	9042	11549
HP_RS00290	16080	19555	16385	3891	11042	12359	49462	96097	32022	69784	37888	62195
HP_RS00295	28	39	32	63	301	354	133	72	79	87	116	89
HP_RS00300	9	5	5	7	34	40	16	11	10	3	11	11
HP_RS00305	144	134	124	152	126	124	127	139	84	83	133	103
HP_RS00310	82	77	86	41	42	57	81	79	61	66	94	49
HP_RS00315	30	13	17	9	14	20	31	29	31	30	46	25
HP_RS00320	366	365	325	228	158	118	359	320	295	256	309	286
HP_RS00325	333	319	317	230	159	132	361	282	246	240	298	264
HP_RS00330	81	104	86	132	71	90	67	58	53	74	87	75
HP_RS00335	254	303	259	311	309	309	218	204	160	170	217	161
HP_RS00340	6465	9258	6071	11163	6329	6452	14756	10154	11041	10476	14463	10532
HP_RS00345	7176	8538	6943	15486	6537	6732	17159	11263	12518	11455	16161	12190
HP_RS00350	2216	2332	1881	3329	3534	3712	7602	5127	4913	5006	5803	4993
HP_RS00355	10107	14893	9755	20110	10612	12075	25603	19284	18757	20726	23552	19333
HP_RS00360	21607	34889	20619	41199	22955	25788	49155	40426	38979	42246	48524	42317
HP_RS00365	76923	130621	64252	80705	50120	54597	157202	127688	131446	137432	168498	142801
HP_RS00370	31530	38417	28309	26446	21623	21283	75677	61987	64153	65808	81103	69009
HP_RS00375	43	45	35	78	297	266	187	74	133	100	126	76
HP_RS00380	579	795	518	525	676	692	1033	885	640	795	760	758
HP_RS00385	2172	2743	2001	2757	2466	2513	3723	3455	2322	3181	2946	3197
HP_RS00390	6299	6153	5089	5848	9035	9080	18211	17475	8025	18100	12380	11498
HP_RS00395	799	1272	896	11778	10481	10373	2081	1099	1340	1266	1777	1464
HP_RS00400	122	156	152	51	97	98	490	229	402	220	466	232
HP_RS00405	196	170	192	150	107	108	704	352	534	303	682	351
HP_RS00410	966	1102	878	752	829	990	1743	1743	1127	1497	1408	1458
HP_RS00415	9616	12575	8808	9931	9810	10248	14361	12866	9609	12013	12275	12302
HP_RS00420	2294	2785	2547	16819	10463	11827	4418	3971	3232	3856	4209	3922
HP_RS00425	2847	3857	3017	16451	13388	15183	5929	4949	4056	5053	5532	4787
HP_RS00430	1973	2586	1653	2092	1741	1789	3392	3023	2308	2707	2786	2859
HP_RS00435	10575	14659	9620	10084	8822	9403	16096	14395	10932	13631	13751	14173
HP_RS00440	11951	16567	10582	9421	7944	8419	15739	14855	10300	14168	13016	14991
HP_RS00445	28799	36643	27233	16695	14191	15426	26175	27381	17625	26299	23227	26761
HP_RS00450	611	707	694	1643	1521	1602	876	802	539	800	795	757
HP_RS00455	12246	15891	14966	15715	7615	8059	6951	5375	4509	3578	5873	4077
HP_RS00460	12319	11134	9577	9716	14561	14476	15605	17077	5778	19961	11066	5913
HP_RS00465	0	0	0	0	0	0	0	0	0	0	0	0
HP_RS00470	804	1108	695	3079	2192	2241	1354	1136	843	1131	1007	1103
HP_RS00475	196	265	149	831	801	795	672	448	419	509	461	544
HP_RS00480	417	507	381	971	973	954	1121	869	719	831	963	879
HP_RS00485	350	457	322	385	433	427	555	471	329	452	424	419
HP_RS00490	3485	4242	3055	5168	4447	4481	3454	3137	2162	2795	3009	2510
HP_RS00495	9019	11335	8535	13304	13987	13825	17871	18939	12084	18359	16372	18335
HP_RS00500	1841	2426	1677	1656	1693	1679	3016	2316	1993	2151	2386	2271
HP_RS00505	11255	15347	11165	9361	7412	8110	15224	14505	9825	12734	12239	12858
HP_RS00510	3996	5958	3867	5212	3125	3228	6812	6100	4067	5150	5072	5198
HP_RS00515	243	294	162	956	1343	1436	737	516	388	515	466	460
HP_RS00520	276	410	280	1479	1856	1942	1006	656	554	546	675	549
HP_RS00525	2669	4924	2538	7158	9510	11243	8358	7619	4044	7124	6702	4617
HP_RS00530	950	1521	949	956	1405	1479	1746	1410	1054	1339	1377	1251
HP_RS00535	4079	4018	4240	2788	2298	2376	6708	5918	4727	5441	5961	5516
HP_RS00540	1259	1688	1312	1068	745	883	3706	2462	2459	2431	3330	2254
HP_RS00545	364	489	358	357	237	336	930	866	610	787	840	764
HP_RS00550	4714	6155	4605	2851	2285	2368	3856	3675	2430	3265	3365	3210
HP_RS00555	5685	20030	4819	504	455	738	3107	2000	1851	1756	2693	1718
HP_RS00560	4459	8589	4431	620	307	496	3472	2606	1990	2198	2885	2308
HP_RS00565	10319	22285	10164	1983	816	999	6574	5455	4111	4052	5620	4333
HP_RS00570	1540	1701	1387	2336	2364	2207	3167	2637	1969	2421	2485	2570
HP_RS00575	2097	2606	1859	2958	3165	3321	3628	3194	2237	3084	2802	3155
HP_RS00580	2703	5260	2360	10965	9613	12762	6655	7103	4288	6663	5358	6744
HP_RS00585	3674	6123	3561	9360	7656	11300	9438	11374	6182	10573	8600	10287
HP_RS00590	2452	3025	2248	1697	1533	1539	4136	3817	2703	3856	3465	3918
HP_RS00595	1123	1465	976	1036	991	1073	1844	1661	1269	1682	1546	1622
HP_RS00600	2266	2932	2013	809	1700	1607	4070	2608	3015	2460	3436	2518
HP_RS00605	78	106	74	70	68	73	108	70	37	115	87	55
HP_RS00610	2483	2817	2307	494	2176	2232	3502	3038	2128	2933	2703	2733
HP_RS00615	4965	9347	4796	3232	2607	3495	4961	5403	3200	5107	4396	5026
HP_RS00620	5460	6470	5356	12476	11182	10980	14480	9766	8747	9570	11210	9371
HP_RS00625	5285	5782	5201	6736	9828	9524	11580	9030	8493	8440	10089	9958
HP_RS00630	5331	5794	5693	5140	9369	9176	10536	9055	8139	8204	9368	9605
HP_RS00635	10213	11702	10866	22716	19014	18892	19855	17626	14196	16023	17454	17097
HP_RS00640	26677	32619	25764	42930	37247	37877	41907	40109	28536	37104	35907	38897
HP_RS00645	9232	11471	9382	5057	4875	5029	11869	11146	7283	10023	9991	9576
HP_RS00650	18188	18474	17200	26077	26972	27087	26544	25552	16672	25160	21428	24514
HP_RS00655	966	1396	923	1022	720	840	517	412	312	383	469	376
HP_RS00660	1138	1702	1146	1149	937	992	671	597	438	591	638	511
HP_RS00665	3449	3997	3644	4880	2580	2578	4942	4638	3147	4387	4165	4474
HP_RS00670	5757	8070	5037	4716	4318	4683	6245	5914	4169	5832	5482	5571
HP_RS00675	8632	10737	8065	6918	4902	5388	8094	8129	5580	7963	7597	8101
HP_RS00680	11034	14893	10300	8374	6341	7028	11036	11405	7699	10919	10077	11178
HP_RS00685	2907	3783	3120	2901	2247	2370	4233	4378	2821	4089	3497	4236
HP_RS00690	3435	5003	3285	19670	12658	12939	759	610	541	625	716	702
HP_RS00695	3718	5148	3293	15728	12645	13125	3104	2128	1964	2288	2709	2446
HP_RS00700	567	818	500	2829	2616	2714	672	442	385	417	506	446
HP_RS00705	1096	1108	1048	1933	1431	1261	774	663	522	589	731	592
HP_RS00710	4591	6648	5275	1864	2200	2716	7357	6528	4433	6502	6245	5824
HP_RS00715	4436	8274	4956	2213	1998	2486	5953	5287	3952	5230	5382	5278
HP_RS00720	3359	6349	3273	2053	1516	1882	3972	3572	2780	3451	3479	3801
HP_RS00725	10043	14256	9211	6102	4354	5063	11349	9895	7599	9753	10271	10357
HP_RS00730	7649	13025	7224	2351	3336	3840	7195	6193	4849	5852	6667	6436
HP_RS00735	8528	14416	8035	6066	4650	5380	8818	7229	5707	6583	7836	7147
HP_RS00740	2326	3570	2179	1957	1763	1744	3176	2767	2223	2594	2945	2621
HP_RS00745	5050	6530	4991	3691	4392	4490	4998	3738	3137	3656	4387	3385
HP_RS00750	1812	2119	1881	1426	2167	2195	2032	1327	1233	1367	1716	1297
HP_RS00755	2590	4941	2770	1373	1307	1838	2872	3039	1669	3124	2562	2675
HP_RS00760	6632	11419	6917	3919	3500	4849	5719	5991	3616	5582	5197	5223
HP_RS00765	2769	4994	2668	2804	1878	2825	2934	3041	1831	2990	2698	3009
HP_RS00770	3010	5036	2711	3366	2745	3895	3897	3811	2369	3947	3406	3982
HP_RS00775	1035	1653	957	2050	1637	1933	1910	1620	1233	1696	1624	1688
HP_RS00780	476	843	374	1209	1210	1314	1443	1055	912	1028	1079	1011
HP_RS00785	638	780	494	950	1625	1840	1704	1695	816	1760	1035	1648
HP_RS00790	543	1114	558	392	594	890	1671	1421	854	1538	1168	1247
HP_RS00795	1170	1277	1177	2171	2503	2498	2983	2630	1785	2701	2305	2604
HP_RS00800	950	1036	857	2849	3199	3454	2692	2328	1748	2272	2012	2300
HP_RS00805	2945	4842	2463	11734	10132	11594	6605	5406	4751	5301	5751	6052
HP_RS00810	11902	16349	11368	27795	20918	23091	15948	15553	11501	14055	14467	15279
HP_RS00815	343	521	353	810	1238	1231	1134	916	591	878	754	895
HP_RS00820	438	830	360	677	1119	1253	1060	803	624	834	805	962
HP_RS00825	4050	6080	4026	4388	3758	4170	5963	5050	4047	5052	5413	5420
HP_RS00830	6943	9915	6482	4841	4118	4920	6950	6249	4801	6259	6544	6593
HP_RS00835	913	1333	926	892	1144	1230	2031	1435	1103	1367	1493	1303
HP_RS00840	1318	1712	1205	1051	941	1050	1471	1462	940	1324	1359	1337
HP_RS00845	325	434	292	401	460	541	626	691	405	687	551	625
HP_RS00850	311	469	298	255	584	620	689	728	423	733	559	669
HP_RS00855	31691	44583	31140	35485	26118	29943	26419	25168	19476	23874	24969	25215
HP_RS00860	22693	25239	23428	31178	20918	22792	24659	23036	17088	22798	23030	23785
HP_RS00865	9615	8834	10519	10106	9691	9866	12922	12570	8335	12453	11382	11635
HP_RS00870	1053	1478	914	2055	1812	1857	1460	1229	945	1205	1287	1243
HP_RS00875	370	463	305	366	562	545	623	593	434	509	529	493
HP_RS00880	512	600	359	671	1101	1028	1054	900	636	855	919	788
HP_RS00885	1577	1733	1452	2257	3138	3011	4287	3701	2571	3630	3306	3417
HP_RS00890	6564	8588	5923	9673	8562	9130	10755	10132	6807	9837	8859	9458
HP_RS00895	3354	5022	3807	3797	3089	3602	6305	6174	4198	5611	5460	5538
HP_RS00900	2873	3495	2949	2812	3081	3510	6415	5977	4250	5495	5221	5944
HP_RS00905	11476	15681	11211	6608	10547	11222	14683	15016	9997	14629	13449	15111
HP_RS00910	0	0	0	0	0	0	0	0	0	0	0	0
HP_RS00915	0	0	0	0	0	0	0	0	0	0	0	0
HP_RS00920	1462	1794	1359	2549	2098	2467	2429	2090	1678	2027	2107	2263
HP_RS00925	3053	4858	2698	3551	3164	3390	3449	2806	2300	2783	3147	2769
HP_RS00930	12092	15956	11322	17147	7570	8037	10521	9633	7413	9588	10440	9635
HP_RS00935	11677	15152	11743	8868	6673	8081	12254	10386	8124	10392	11772	10083
HP_RS00940	2743	4102	2743	2095	2181	2651	2740	2415	1766	2471	2462	2312
HP_RS00945	3517	4648	3517	2185	2539	2716	4118	4328	2656	3937	3462	3978
HP_RS00950	3008	3342	3337	2387	1829	1987	3915	4088	2592	3828	3497	3886
HP_RS00955	1484	2444	1757	743	913	1092	1712	1720	1066	1604	1504	1508
HP_RS00960	3757	4848	4330	2989	2492	2924	5335	5082	3371	4911	4717	4482
HP_RS00965	1311	2065	1662	1509	1485	1800	1641	1623	1007	1533	1471	1295
HP_RS00970	1393	1603	1470	838	1578	1694	1998	1931	1328	1806	1680	1616
HP_RS00975	2208	3589	2048	791	2315	2822	2785	2647	1819	2449	2350	2236
HP_RS00980	1864	4690	1895	1715	2165	3145	3058	2750	1964	2567	2665	2436
HP_RS00985	1110	3246	1296	1934	1322	2092	2081	1718	1138	1461	1685	1544
HP_RS00990	1249	1954	1440	1169	1492	1885	2688	2425	1538	2036	2205	1863
HP_RS00995	538	1122	547	907	1351	1732	1283	1023	718	814	951	848
HP_RS01000	643	740	811	183	309	275	1477	1348	911	1148	1159	1087
HP_RS01010	126	148	126	153	167	147	220	190	126	149	144	107
HP_RS01015	3247	3710	3080	3250	1856	1802	4845	4395	2948	4205	4300	4008
HP_RS01020	1176	1640	995	1774	1503	1651	1408	1089	856	1015	1152	973
HP_RS01025	433	738	396	586	679	863	957	786	503	756	682	672
HP_RS01030	18342	25346	17237	14116	11656	13131	15024	16556	10645	16420	14130	16260
HP_RS01035	1745	2224	1854	1358	1531	1708	2244	1887	1298	1729	1891	1597
HP_RS01040	1666	2121	1422	2777	2675	2724	2771	2202	1815	2256	2301	2292
HP_RS01045	2352	3231	2014	3987	3587	4060	3953	3191	2697	3130	3548	3372
HP_RS01050	786	924	699	1154	963	1097	636	510	407	587	548	491
HP_RS01055	309	391	416	245	217	333	450	387	252	383	382	353
HP_RS01060	793	1258	958	762	788	954	1333	1100	782	1007	1011	933
HP_RS01065	2211	2586	2151	2357	2897	3280	3994	3092	2364	3109	3174	2959
HP_RS01070	7772	9335	6884	5566	5471	5839	9852	9084	7048	9081	8744	9228
HP_RS01075	353	458	297	394	427	538	1553	704	845	724	1057	691
HP_RS01080	1058	2081	897	305	366	507	2096	1378	1221	1251	1625	1165
HP_RS01085	829	2052	738	420	209	350	1266	868	766	762	1037	682
HP_RS01090	1280	2296	1127	1383	1600	1613	2403	2270	1426	2138	1776	1927
HP_RS01095	618	1376	619	1117	1021	1062	1700	1061	979	957	1242	1049
HP_RS01100	7096	9993	6995	3299	4824	6216	7833	10133	5179	9349	6737	8813
HP_RS01105	444	600	459	523	801	838	1028	709	618	679	895	594
HP_RS01110	19602	22738	16868	4397	5043	5359	24331	19198	16491	18761	22183	18783
HP_RS01115	190	215	164	110	232	211	260	149	152	158	188	133
HP_RS01120	113	174	107	146	228	259	779	588	521	669	552	675
HP_RS01125	14041	16527	11846	5719	9750	11674	38456	51972	27449	55066	36774	53428
HP_RS01130	558	678	421	1015	1535	1446	768	733	421	707	497	691
HP_RS01135	6592	13864	6682	4582	3640	5282	6900	7183	4813	6697	6512	7014
HP_RS01140	2922	7801	2982	2383	1787	2574	4493	4215	2879	4129	3924	4268
HP_RS01145	9831	22363	9036	8139	6415	8863	11656	11772	7603	11057	10044	11457
HP_RS01150	3536	6477	4206	5025	3485	4173	6157	6016	3808	5207	4952	5367
HP_RS01155	3719	3252	3780	2742	3432	3490	6616	6106	4042	6087	5426	5780
HP_RS01160	395	557	392	641	684	654	971	676	550	631	761	577
HP_RS01165	752	967	852	1369	1044	948	2280	1519	1232	1508	1698	1407
HP_RS01170	1893	2487	1791	2151	2154	2254	4620	3293	2792	3169	3837	3066
HP_RS01175	1559	2029	1284	2771	2816	2778	3431	2254	2068	2120	2490	2157
HP_RS01180	1057	1418	838	2128	2151	2562	3137	1959	1738	1891	2023	2109
HP_RS01185	3985	5243	2847	4445	2781	3332	7327	5046	4807	5132	5273	5539
HP_RS01190	36793	50912	34192	12835	7580	9135	31230	29095	22602	28360	28017	29746
HP_RS01195	89552	124179	82551	17206	14768	17541	64752	66805	48159	63401	60617	65851
HP_RS01200	1584	2070	1395	2260	2324	2333	2943	2471	1875	2313	2250	2339
HP_RS01205	943	1256	845	1222	1135	1068	1510	1263	1050	1174	1275	1267
HP_RS01210	1293	1500	1221	2049	2124	2170	2871	2187	1702	2042	2083	2031
HP_RS01215	6078	7641	5221	7499	6212	6471	6673	5783	4516	6124	6078	6615
HP_RS01220	7805	9072	7186	9041	6490	6658	7715	6939	5446	6931	7196	7483
HP_RS01225	1646	2389	1531	3169	2019	1999	2057	1696	1431	1651	1774	1726
HP_RS01230	1391	1798	1187	2959	2169	2088	2349	2210	1509	1878	1962	1928
HP_RS01235	1418	1685	1220	2264	2953	2801	2700	2622	1662	2363	2417	2170
HP_RS01240	388	421	326	320	870	864	778	731	464	660	702	579
HP_RS01245	6842	7156	6962	7686	9514	10291	11998	10651	7891	10855	10376	10687
HP_RS01250	6480	8466	6548	6984	6226	7073	10901	10714	7366	10400	9720	10160
HP_RS01255	1310	2036	1310	6074	4437	4817	3405	2654	2187	2654	2961	2688
HP_RS01260	433	689	384	3148	2202	2263	1214	918	842	889	991	915
HP_RS01265	427	717	363	3844	3210	3292	1434	1180	818	1143	1013	1113
HP_RS01270	276	289	268	1420	1397	1380	1042	896	591	851	738	737
HP_RS01275	118	293	74	707	878	1108	447	375	262	304	294	306
HP_RS01280	62	62	33	222	410	430	162	82	78	75	80	87
HP_RS01285	265	258	211	83	227	217	285	223	178	216	210	185
HP_RS01290	402	546	360	342	622	600	728	672	417	640	450	640
HP_RS01295	80	126	55	213	206	195	197	167	127	139	122	151
HP_RS01300	6921	12959	6556	3790	2602	3714	7561	7771	5069	7581	6827	7043
HP_RS01305	3347	6046	3296	2212	1619	1910	3604	3602	2515	3407	3418	3520
HP_RS01310	3131	5542	2809	2541	1874	2439	3911	3790	2796	3761	3602	3829
HP_RS01315	3350	5748	3188	2314	1864	2142	5068	4490	3368	4319	4233	4370
HP_RS01320	6132	8711	5939	2111	2941	3339	5390	5145	3648	4931	4540	4699
HP_RS01325	9884	15752	10223	6841	5574	6529	9717	9456	6805	9106	8869	9352
HP_RS01330	692	1598	802	674	904	1085	2046	1760	1175	1630	1538	1569
HP_RS01335	1357	2868	1214	2674	2245	2905	3367	2762	1783	2559	2263	2489
HP_RS01340	932	1289	800	1624	1421	1610	2086	1815	1190	1676	1382	1681
HP_RS01345	675	835	548	621	970	1040	1479	1256	803	1212	971	1169
HP_RS01350	389	370	334	402	514	560	1049	836	554	839	771	748
HP_RS01355	5446	7075	5028	4837	4713	5475	9092	9838	5831	9383	7592	9843
HP_RS01360	2078	2734	1971	2775	2327	2588	3579	3717	2379	3438	2968	3814
HP_RS01365	1135	1341	1113	2580	1514	1615	3032	2524	2141	2390	2783	2206
HP_RS01370	2891	3441	2833	7136	4310	4465	8767	6335	5830	5901	7516	6097
HP_RS01375	826	1191	679	1837	1954	2055	3070	2023	1736	1781	2347	1869
HP_RS01380	1387	1591	1288	3545	3101	2856	3702	2724	2332	2512	2867	2776
HP_RS01385	542	685	514	1126	1159	1059	1194	877	746	846	977	865
HP_RS01390	1239	1568	1046	3007	2621	2835	3050	3010	1684	3033	2211	2895
HP_RS01395	708	1118	705	527	805	933	1463	1526	776	1380	1014	1319
HP_RS01400	1096	1959	953	951	1188	1316	2079	2038	1237	1970	1626	1916
HP_RS01405	1224	1779	1094	1225	1243	1434	2267	2210	1431	2108	1793	2098
HP_RS01410	1712	2056	1669	2146	1984	2009	3527	3296	2233	2944	2628	2905
HP_RS01415	938	1072	858	1325	1432	1509	2086	1937	1269	1738	1696	1729
HP_RS01420	1267	1708	1254	1475	1676	1777	2601	2438	1519	2239	1997	1987
HP_RS01425	3358	4844	2836	3659	5095	4861	7611	5978	4384	5923	5602	5478
HP_RS01430	1057	1264	944	2420	2122	2054	3049	2250	1978	2106	2487	2153
HP_RS01435	539	845	422	1111	908	983	1235	935	801	774	974	886
HP_RS01440	793	1197	752	1590	1667	1727	2120	1583	1392	1416	1746	1521
HP_RS01445	294	358	241	1101	1452	1311	1226	918	802	787	881	810
HP_RS01450	1238	3038	1277	13607	9943	15148	3305	4037	2253	4070	2964	3437
HP_RS01455	2570	3399	2258	8201	8305	9572	8083	11398	5032	10696	6344	10294
HP_RS01460	4066	3320	4174	5875	10827	10940	10034	9024	7489	9589	9166	9566
HP_RS01465	4876	4431	5187	9559	12243	12166	12932	12021	9282	12414	11946	12282
HP_RS01470	5316	8242	5137	18166	13529	14823	5826	4588	4168	4663	5206	4592
HP_RS01475	848	2024	712	2285	1375	1712	676	498	472	533	562	539
HP_RS01480	630	1725	571	1535	827	1095	679	608	469	566	671	520
HP_RS01485	479	1632	459	1141	700	1081	558	487	351	474	448	449
HP_RS01490	796	2558	691	2085	1023	1617	683	692	446	607	631	569
HP_RS01495	1072	3008	942	2566	1987	2744	1304	1290	852	1136	1167	1148
HP_RS01500	1323	1660	1063	3033	3337	3626	1696	1532	1218	1399	1485	1450
HP_RS01505	5278	8469	5296	2714	3036	3367	7530	7009	5326	7255	7160	6544
HP_RS01510	2113	2808	2514	1766	1477	1785	3796	3370	2693	3436	3461	3298
HP_RS01515	187	238	237	297	310	334	555	395	340	351	383	333
HP_RS01520	81	103	103	365	441	485	363	221	171	214	267	178
HP_RS01525	1822	1811	1990	8777	5449	5467	1269	1355	813	1240	1045	1257
HP_RS01530	5395	6326	5530	10325	6273	6572	2867	2822	2028	2675	2718	2769
HP_RS01535	2165	2376	2078	2921	2487	2557	1029	1091	762	967	1102	1061
HP_RS01540	2972	4445	2651	4493	4007	4445	1694	1450	1094	1348	1592	1427
HP_RS01545	2169	3140	1924	2242	2623	2753	2649	2160	1765	1980	2497	2234
HP_RS01550	0	0	0	0	0	0	0	0	0	0	0	0
HP_RS01555	1070	1380	920	127	355	376	632	563	463	535	641	636
HP_RS01560	40074	51600	34074	41480	31402	34925	40554	41985	30893	42808	41987	46288
HP_RS01565	56331	74536	55613	17475	11399	11901	41381	31490	28333	28776	38002	29617
HP_RS01570	9314	11458	9249	22041	19690	20597	9543	10964	6141	10699	7999	11299
HP_RS01575	5378	5670	5445	9222	9015	9208	4786	6027	2996	5760	4016	5495
HP_RS01580	2360	3503	2104	1129	1805	1994	2964	3021	1991	3053	2588	2885
HP_RS01585	6997	9225	6871	2179	3861	3904	6734	7351	4540	7346	6069	7280
HP_RS01590	3888	4597	4346	3271	3468	3784	3972	4158	2503	3618	3458	3624
HP_RS01595	3722	4495	3853	5098	5747	5843	4970	4752	3167	4520	4030	4252
HP_RS01600	3349	3950	3298	3868	3511	3559	6621	5620	4159	5348	5161	5108
HP_RS01605	1794	2713	1707	3227	3023	3101	4400	3524	2857	3335	3443	3307
HP_RS01610	208	334	213	411	683	669	793	550	496	483	542	508
HP_RS01615	172	314	167	912	1105	1146	610	384	327	353	444	380
HP_RS01620	369	419	279	1169	1552	1697	821	592	456	537	579	569
HP_RS01625	131	192	143	206	572	538	273	245	138	228	192	211
HP_RS01630	1466	2445	1475	2111	2349	2652	2086	1975	1056	1651	1600	1444
HP_RS01635	1669	1947	1691	2273	2098	2374	2121	1935	1419	1984	1927	1974
HP_RS01640	882	1124	843	1241	1197	1292	1233	1016	760	1053	1069	1089
HP_RS01645	973	1338	959	2080	1962	1983	1706	1339	1016	1416	1372	1452
HP_RS01650	264	318	274	933	769	738	695	595	422	588	542	526
HP_RS01655	893	2062	879	574	1280	1440	1899	1621	1005	1788	1349	1548
HP_RS01660	717	1157	678	1443	1427	1625	973	736	600	704	774	716
HP_RS01665	400	639	391	1114	629	738	515	375	294	310	398	332
HP_RS01670	0	0	0	0	0	0	0	0	0	0	0	0
HP_RS01675	0	0	0	0	0	0	0	0	0	0	0	0
HP_RS01680	0	0	0	0	0	0	0	0	0	0	0	0
HP_RS01685	0	0	0	0	0	0	0	0	0	0	0	0
HP_RS01690	0	0	0	0	0	0	0	0	0	0	0	0
HP_RS01695	0	0	0	0	0	0	0	0	0	0	0	0
HP_RS01700	702	928	483	1864	1560	1617	1271	967	748	998	971	976
HP_RS01705	3996	5266	3577	5697	3998	4242	5444	4757	3507	4643	4689	4715
HP_RS01710	6119	7278	6033	5263	4748	5030	6946	6504	4611	6578	6085	6681
HP_RS01715	8724	12958	9878	4429	6716	6808	11189	9808	7510	8998	9913	9208
HP_RS01720	5626	6214	4885	6743	5273	5635	8165	6391	5218	6220	6824	6559
HP_RS01725	2960	3778	2355	3527	3242	3453	4551	4065	3065	3877	3913	4118
HP_RS01730	1152	1601	1038	2376	1941	1978	2566	2237	1596	2170	1921	2311
HP_RS01735	2955	3760	2847	5556	3776	3895	6018	4972	3841	4573	4988	4721
HP_RS01740	3742	4713	3569	6127	4036	3938	6714	5719	4107	5197	5617	5367
HP_RS01745	496	760	478	1485	1117	1019	1218	1020	758	880	983	893
HP_RS01750	277	498	189	472	462	507	569	472	321	453	412	411
HP_RS01755	1179	1423	1006	728	1042	1135	1299	1450	863	1429	1170	1460
HP_RS01760	38	71	60	636	989	953	279	187	125	154	160	136
HP_RS01765	23	40	22	198	362	347	182	63	49	68	86	41
HP_RS01770	3496	4264	3440	2566	2782	2960	3434	3545	2524	3090	2935	3160
HP_RS01775	1029	1318	992	1302	1511	1460	1424	1314	1008	1115	1146	1184
HP_RS01780	1183	1614	937	2043	1894	1893	2024	1919	1311	1776	1607	1770
HP_RS01785	2117	2537	1983	3051	2077	2116	2601	2336	1651	2314	2119	2299
HP_RS01790	3838	4007	3624	3527	3143	3166	4261	4129	2652	3828	3433	3721
HP_RS01795	166	210	108	588	1163	1185	659	535	327	450	485	408
HP_RS01800	3009	4203	2507	9690	8015	8733	6324	6502	4031	6230	5400	6310
HP_RS01805	8566	10782	7478	14718	11412	13071	11415	14000	7839	13057	9451	13052
HP_RS01810	168	193	155	408	977	977	409	270	220	286	228	279
HP_RS01815	1289	1832	1171	2389	3551	3804	2377	1727	1494	1612	1716	1687
HP_RS01820	7848	9890	7913	14105	8538	9075	13587	11821	8429	11049	11201	10571
HP_RS01825	4220	5089	4050	7595	5791	6363	8775	8125	5364	7736	6638	7533
HP_RS01830	1599	1984	1375	1895	2004	2012	2957	2470	1783	2476	2296	2470
HP_RS01835	4079	4994	3797	1372	1955	1858	3352	1869	2001	1766	2710	1758
HP_RS01840	1032	1271	899	2817	1911	1964	1898	1873	1003	1758	1448	1927
HP_RS01845	779	1059	596	2100	1399	1552	1507	1765	764	1801	1072	1716
HP_RS01850	171	226	158	828	1297	1214	1704	742	956	731	1150	740
HP_RS01855	13654	20030	12874	9604	12067	13489	21899	26869	15498	27253	19854	28209
HP_RS01860	11818	17128	10433	14874	15785	17479	26061	26080	16717	25954	21565	27223
HP_RS01865	1864	2664	1608	2116	2824	2887	4816	3932	2886	3876	3921	4088
HP_RS01870	1042	1405	1052	863	997	1141	2368	1889	1336	1774	1807	1526
HP_RS01875	6692	8447	6142	4537	3506	3700	9073	8258	6084	7626	7815	7821
HP_RS01880	18190	22229	16975	9134	7508	8154	23617	25247	15542	24491	20902	23622
HP_RS01885	293	472	228	360	534	505	515	382	318	362	390	339
HP_RS01890	186	249	129	128	246	263	274	263	161	234	209	247
HP_RS01895	2560	3007	2357	757	1982	1912	2827	3031	1955	2736	2308	2661
HP_RS01900	3250	4054	3023	1028	2675	2708	3813	3676	2456	3333	3157	3352
HP_RS01905	2611	3202	2444	2246	2449	2484	3827	2562	2436	2515	3135	2524
HP_RS01910	9353	12315	8811	3852	3013	2924	10257	5889	7758	5988	9433	6563
HP_RS01915	42484	53575	40447	7595	6918	6483	37546	24246	27291	23557	34528	23480
HP_RS01920	29622	36227	31558	27327	16482	18625	42923	42254	29709	36651	38200	38687
HP_RS01925	6710	8495	6237	5299	6028	6448	7102	7500	5140	7591	6220	7610
HP_RS01930	19232	21828	18021	15551	12718	13111	22118	21792	15805	21262	20226	22115
HP_RS01935	2803	3083	2527	4168	4075	3897	3679	3905	2213	3859	2954	3889
HP_RS01940	722	866	571	2111	2095	2016	1747	1581	1039	1501	1260	1494
HP_RS01945	959	1347	725	3428	3122	3199	2249	2003	1504	2067	1744	2127
HP_RS01950	5290	7012	4488	10047	9365	9307	9920	8952	6307	8844	8225	9057
HP_RS01955	5463	6488	5121	11340	7992	7916	9450	8788	5902	8648	7760	8607
HP_RS01960	2897	4398	2733	8364	6328	6363	4374	4121	2926	3903	3804	3883
HP_RS01965	20235	24871	19092	44654	37204	38432	24563	24077	16573	24205	21721	24646
HP_RS01970	3551	4679	3072	4440	4020	4186	5544	5136	3839	4713	4814	4939
HP_RS01975	3119	4483	2592	5418	4142	4624	6878	6039	4418	5784	5817	6135
HP_RS01980	8505	10924	7363	11355	8079	9042	14725	13126	9525	13006	12656	13500
HP_RS01985	3999	4557	3700	5193	4136	4223	7487	6701	5177	6483	6320	7213
HP_RS01990	1651	1532	1783	1433	1673	1535	2015	2095	1328	1820	1690	1672
HP_RS01995	2635	2736	2808	3659	3175	2839	3473	3348	2287	2931	2977	2938
HP_RS02000	1300	1738	1192	2139	2069	2243	1943	1714	1291	1530	1554	1666
HP_RS02005	4425	7644	4326	2844	2179	2499	4798	4467	2757	4157	3587	3868
HP_RS02010	1148	1704	1328	731	998	1022	2308	2054	1444	2034	2041	1922
HP_RS02015	2370	3574	2659	2995	2260	2552	6128	5215	3650	4926	5325	4950
HP_RS02020	7913	13446	7854	7497	7982	8833	15719	16653	9710	16609	13587	15129
HP_RS02025	299	395	300	1159	1962	1951	2037	1392	994	1436	1010	1178
HP_RS02030	463	469	411	1583	2987	3036	2594	1555	1297	1800	1316	1382
HP_RS02035	361	359	350	1476	3112	3200	1903	1211	1033	1308	961	1117
HP_RS02040	293	326	309	2007	3692	3819	1705	990	956	963	995	978
HP_RS02045	948	1794	668	548	673	808	851	637	640	642	908	662
HP_RS02050	0	0	0	0	0	0	0	0	0	0	0	0
HP_RS02055	3605	4799	3582	5776	5269	5598	5966	5471	3771	4844	4629	4978
HP_RS02060	5596	7446	5129	7039	6009	6577	9021	8133	6275	7788	8395	8419
HP_RS02065	7912	10713	7514	11414	7780	8284	11934	11125	7506	10374	9137	10212
HP_RS02070	1787	2687	1655	3379	2454	2637	3314	2841	2056	2661	2525	2733
HP_RS02075	793	998	683	1491	1327	1336	1751	1357	1020	1303	1425	1262
HP_RS02080	610	838	618	1187	1083	1057	1150	1013	715	824	1046	842
HP_RS02085	1328	1983	1238	2302	2681	2775	2493	1970	1498	1694	1945	1975
HP_RS02090	3040	3849	2990	4954	4268	4142	4566	3566	2956	3467	3730	3687
HP_RS02095	623	695	655	476	881	828	1311	1004	866	1053	1192	994
HP_RS02100	4123	6084	3521	1899	1682	1820	5499	4429	4026	4660	5290	4915
HP_RS02105	5959	9268	4812	1847	1885	2052	6997	6385	5432	6195	6508	6898
HP_RS02110	8481	13224	7166	2080	2149	2282	9837	9371	7493	9379	9646	9968
HP_RS02115	316	336	258	76	262	253	893	1088	548	1077	578	1001
HP_RS02120	8535	22285	4784	17317	3673	5800	8245	4686	8312	6026	7817	3807
HP_RS02125	118	172	115	625	1203	1067	674	582	245	602	439	268
HP_RS02130	0	0	0	0	0	0	0	0	0	0	0	0
HP_RS02135	0	0	0	0	0	0	0	0	0	0	0	0
HP_RS02140	0	0	0	0	0	0	0	0	0	0	0	0
HP_RS02145	0	0	0	0	0	0	0	0	0	0	0	0
HP_RS02150	0	0	0	0	0	0	0	0	0	0	0	0
HP_RS02160	0	0	0	0	0	0	0	0	0	0	0	0
HP_RS02165	0	0	0	0	0	0	0	0	0	0	0	0
HP_RS02175	292	399	272	168	451	452	439	291	189	260	245	241
HP_RS02180	141	209	115	111	215	231	243	153	108	166	137	128
HP_RS02185	67	98	49	36	77	79	98	73	56	61	44	44
HP_RS02190	47	70	34	25	37	34	56	33	39	40	44	44
HP_RS02195	94	175	97	118	284	259	163	123	87	121	135	95
HP_RS02200	26	47	22	16	49	47	40	38	13	24	30	25
HP_RS02205	142	160	112	150	825	746	500	248	199	199	249	166
HP_RS02210	2	1	1	0	5	1	1	1	0	0	3	0
HP_RS02220	0	0	0	0	0	0	0	0	0	0	0	0
HP_RS02225	0	0	0	0	0	0	0	0	0	0	0	0
HP_RS02230	0	0	0	0	0	0	0	0	0	0	0	0
HP_RS02235	0	0	0	0	0	0	0	0	0	0	0	0
HP_RS02240	0	1	2	0	3	1	0	3	2	2	1	0
HP_RS02245	7	5	8	4	39	23	20	15	12	13	21	6
HP_RS02250	3	3	1	2	5	6	7	2	1	4	5	1
HP_RS02255	0	1	1	1	1	2	0	1	0	2	5	2
HP_RS02260	2	4	1	3	7	3	6	3	1	1	9	4
HP_RS02265	2	5	0	3	8	5	11	6	2	3	8	5
HP_RS02270	41	45	28	29	50	60	38	39	34	38	29	42
HP_RS02275	126	189	91	70	187	180	186	154	98	131	104	118
HP_RS02285	74	90	79	92	130	162	128	80	56	62	73	77
HP_RS02290	52	57	41	78	77	86	76	62	45	66	65	59
HP_RS02295	780	942	579	502	1534	1491	1630	1386	945	1479	1330	1358
HP_RS02300	706	909	614	758	1128	1253	1510	1077	866	1066	1156	1143
HP_RS02305	3318	4499	2981	2573	3544	3783	5003	4266	3333	4169	4424	4423
HP_RS02310	2399	3077	2146	1810	2401	2507	3528	3033	2469	2995	2916	3073
HP_RS02315	11540	16843	10063	7480	7375	8135	12041	11480	8534	11318	10878	12046
HP_RS02320	6428	9077	5906	7039	3418	3811	6077	6169	4251	5877	5736	6254
HP_RS02325	18854	28089	16792	11339	9208	10403	17113	17433	12305	17137	16305	18043
HP_RS02330	356	533	351	405	717	776	777	468	464	420	541	411
HP_RS02335	43519	50929	41787	28880	25617	28081	56566	78636	38748	73091	51044	69636
HP_RS02340	508	806	391	602	862	877	1386	1253	840	1131	989	1179
HP_RS02345	231	394	227	372	474	483	711	608	454	597	566	596
HP_RS02350	265	457	293	949	778	865	702	644	430	680	629	612
HP_RS02355	4191	5619	3793	3308	2882	3101	4700	4776	3077	4786	4125	4630
HP_RS02360	600	797	528	542	721	817	1229	1185	653	1145	923	1018
HP_RS02365	288	463	222	421	553	626	586	624	297	590	424	580
HP_RS02370	78	161	83	124	210	201	182	231	98	214	146	220
HP_RS02375	9338	11362	10057	8269	5365	6325	12946	11337	8298	11175	11710	11337
HP_RS02380	1542	2548	1673	859	1098	1341	2901	2307	1661	2089	2437	2121
HP_RS02385	170	307	159	50	138	138	283	271	182	251	240	241
HP_RS02390	101	220	83	248	354	362	190	128	115	129	131	131
HP_RS02395	56	83	53	239	400	364	122	75	68	81	86	85
HP_RS02400	7381	8110	7027	5550	4555	4907	5606	6597	3819	6429	5448	6692
HP_RS02405	33079	38344	30056	37756	31105	34480	57866	56527	41097	58381	52930	57514
HP_RS02410	7557	10387	7023	10810	11224	12003	16894	15001	11563	14572	14792	14414
HP_RS07940	21	33	11	80	148	139	48	21	13	22	33	18
HP_RS02415	51	89	46	127	192	202	136	75	47	67	85	60
HP_RS02420	5	9	5	12	15	16	3	5	14	12	5	6
HP_RS02425	3776	6381	3741	9989	8725	9625	5543	4167	4169	4200	5366	4627
HP_RS02430	2799	3916	2754	5188	4622	5082	4535	3919	2639	4101	3612	2851
HP_RS02435	6216	8318	6191	5398	7895	8254	8210	7170	5594	6685	7106	6800
HP_RS02440	651	853	537	1642	1376	1278	1509	1002	928	1068	1214	1166
HP_RS02445	860	1325	647	1459	1724	1800	1776	1312	1134	1299	1428	1358
HP_RS02450	611	785	469	971	1108	1222	974	807	661	782	695	801
HP_RS02455	615	648	477	926	1141	1180	1035	834	636	848	713	813
HP_RS02460	6226	8526	5994	6542	5814	6973	7134	6430	4505	6239	6107	6187
HP_RS02465	1847	2689	1702	3135	2745	3310	2924	2517	2074	2518	2539	2422
HP_RS02470	273	684	253	819	975	1308	711	519	402	542	552	558
HP_RS02475	11867	17600	10632	10879	9094	10391	11497	12106	7898	12151	10694	12801
HP_RS02480	16826	22825	15511	22128	16605	18097	21946	20349	14584	19592	19107	20581
HP_RS07915	1310	1704	1351	2649	1922	2042	2488	2169	1492	1774	1981	1796
HP_RS02485	285	430	306	860	1213	1256	991	645	432	633	692	563
HP_RS02490	176	256	165	363	889	886	703	504	302	547	435	423
HP_RS02495	1314	1692	1287	1855	2553	2593	2743	2435	1619	2335	2015	2326
HP_RS02500	1344	2033	1438	3619	2878	3034	2218	1895	1362	1659	1730	1769
HP_RS02505	2580	3539	2415	2938	3218	3224	3453	2985	2197	2933	2849	2673
HP_RS02510	1096	1923	1135	869	851	1105	1663	1333	1024	1282	1435	1224
HP_RS02515	572	981	706	723	729	891	1161	884	630	801	934	721
HP_RS02520	11	18	19	24	36	35	56	32	25	27	38	13
HP_RS02525	22588	24389	21611	22817	15191	16034	21431	21281	15921	21231	21356	22492
HP_RS02530	1054	1532	990	387	669	644	1341	1235	923	1106	1172	1066
HP_RS02535	1138	2099	1221	414	948	1156	1455	1348	765	1340	1176	1127
HP_RS02540	540	1406	560	653	746	1020	1238	1123	765	1176	1045	1148
HP_RS02545	4617	7547	4145	7375	6638	8194	7157	6271	4720	6619	6388	6631
HP_RS02550	1379	1826	1189	3776	4080	4455	3388	2757	2106	2832	2748	2981
HP_RS02555	1942	2543	1603	5877	4992	5094	4173	3735	2440	3573	3327	3479
HP_RS02560	576	1017	548	886	1313	1403	957	601	595	639	817	646
HP_RS02565	9155	14053	8600	5298	2634	3156	6125	6055	4115	5494	5252	5470
HP_RS07870	649	1007	507	466	1007	1116	1334	1332	897	1271	969	1476
HP_RS02570	6537	8137	5493	4058	5070	5368	9648	9332	6626	9169	8046	9367
HP_RS02575	722	938	609	425	662	651	1214	1066	742	1059	906	1157
HP_RS02580	3483	4616	3143	6323	5960	6021	6918	6211	4529	5883	5734	6132
HP_RS02585	3950	4848	3846	3532	3560	3704	5507	5241	3768	4886	5124	5404
HP_RS02590	3653	4524	3602	2483	3360	3120	4481	4526	3177	4143	3880	4371
HP_RS02595	6176	8498	5397	7142	8962	8893	13525	11487	8141	10941	9915	11449
HP_RS02600	1957	2127	1560	1528	3178	3179	4593	3837	2518	3650	2993	3688
HP_RS02605	1968	2534	1990	2441	3092	3420	5769	4984	3129	4660	3601	4620
HP_RS02610	5528	6984	5289	4420	5981	6235	8292	8262	5130	7589	6147	7704
HP_RS02615	3361	3888	3470	1752	2312	2502	4990	5611	3116	5358	4316	5228
HP_RS02620	7403	8428	8005	3096	3876	4330	7179	7677	4653	7076	6013	7189
HP_RS02625	2623	3560	2594	2555	2634	2779	2908	2632	1882	2516	2368	2354
HP_RS02630	8520	9897	8043	3779	6316	6982	9215	9646	5895	8835	7547	8378
HP_RS02635	3675	4793	3462	1570	12363	12093	6524	7713	3154	5882	4239	4797
HP_RS02640	6757	8549	5947	4836	5906	6481	10182	7957	6188	7468	6971	7797
HP_RS02645	1553	1894	1208	1493	2369	2541	3539	3374	2042	3124	2323	2901
HP_RS02650	884	1247	710	733	1120	1201	1606	1157	863	1136	1129	1243
HP_RS02655	5021	6906	4572	3396	2954	2982	5399	4206	3351	4019	4335	4287
HP_RS02660	15197	18961	14445	8980	7941	8057	11908	10552	8212	9986	10499	10791
HP_RS02665	10453	13039	9980	5833	5948	5732	6827	6725	5165	6152	6558	6943
HP_RS02670	7651	11164	7631	5451	7752	8003	7346	7304	5328	6579	6033	6873
HP_RS02675	13598	18877	12844	20699	19222	20431	18264	14980	12937	14207	16146	15378
HP_RS02680	24688	31415	24581	16635	17367	19574	22075	20143	16693	19218	20753	20778
HP_RS02685	19018	17205	19568	10297	10656	11593	17335	16998	13402	15608	16689	16834
HP_RS02690	385	423	372	2095	2602	2864	1616	6074	770	4811	859	4951
HP_RS02695	842635	1098483	668806	215756	149250	177887	467812	425402	362388	416100	486043	479015
HP_RS02700	9746	15441	7615	1989	2703	3266	5567	4723	4166	4685	5832	5250
HP_RS02705	3065	4764	2731	6297	6148	6149	3080	2124	2358	2285	3034	2351
HP_RS02710	8172	10344	7075	29354	19429	20029	8260	5275	6310	5660	8200	6443
HP_RS02715	6153	8433	5986	6027	5459	6278	7046	6055	4484	6381	6525	5564
HP_RS02720	9086	12382	9510	11480	9464	10949	10628	8395	7422	8333	10054	8609
HP_RS02725	1402	1366	1704	2838	2234	2352	3060	2201	1824	2194	2646	2112
HP_RS02730	1735	2611	1550	2673	2937	3424	2903	2486	1934	2382	2406	2483
HP_RS02735	899	1282	864	2376	2249	2512	1862	1544	1087	1413	1510	1437
HP_RS02740	68	106	32	141	384	420	132	102	66	86	85	86
HP_RS02745	5036	8189	5060	11694	8838	12380	10095	7774	6264	7725	8351	7964
HP_RS02750	12335	17951	13637	24956	13085	18361	16224	13791	10976	14137	14661	15078
HP_RS02755	9144	8889	10112	7788	8902	9769	10873	12488	7402	12423	10065	11828
HP_RS02760	9526	14327	10924	20731	17982	20526	20913	24017	15047	24155	19907	24684
HP_RS02765	4854	7672	5117	6291	7934	9018	9371	10675	6544	10243	8480	10216
HP_RS02770	2662	3226	2581	2028	2404	2565	5941	5465	3981	4961	4868	5031
HP_RS02775	4603	5842	4201	5107	7142	7101	6585	6902	3915	6632	5219	5463
HP_RS02780	17979	23433	17240	15545	12290	13445	19651	25812	13630	24123	17805	24468
HP_RS02785	1057	1337	1176	730	672	765	1096	1263	723	1298	1030	1207
HP_RS02790	191	184	159	240	268	268	6075	6399	4153	6852	5727	6238
HP_RS02795	1405	1736	1162	2996	4084	4490	4330	3543	2981	3922	3973	3991
HP_RS02800	14696	19880	14019	32403	14731	17340	30118	33408	22275	34474	29588	35292
HP_RS02805	37527	60084	34369	48845	29113	33861	59848	69881	44913	72304	60291	75843
HP_RS02810	2595	3526	2609	1194	2034	2284	7721	8469	5244	8318	7064	8826
HP_RS02815	1804	2438	1773	1718	2024	2225	6045	5664	4132	5695	5221	5792
HP_RS02820	3059	3414	2481	1211	2813	2959	12131	11393	7161	11578	9841	10060
HP_RS02825	1240	1691	1136	1967	1673	1911	4826	4244	3424	4363	4331	4363
HP_RS02830	2229	2798	1902	3257	2767	2973	8467	7756	5846	7748	7726	8415
HP_RS02835	4120	4980	3948	4665	4153	4407	14001	13604	9640	13697	12759	14027
HP_RS02840	2579	2791	2372	3546	3496	3753	9713	8912	6124	8459	7990	8543
HP_RS02845	560	655	521	758	1533	1402	2744	2013	1852	2006	2384	2017
HP_RS02850	41	79	63	77	316	329	577	480	362	529	422	522
HP_RS02855	297	481	295	490	849	885	2387	1729	1388	1845	1805	1788
HP_RS02860	1063	1498	886	1627	1845	1929	4748	3438	2973	3763	4171	4011
HP_RS02865	848	970	800	798	1925	2003	4476	3112	2651	3526	3626	3473
HP_RS02870	1214	1629	978	3337	3408	3960	6264	4896	4200	5277	4882	5720
HP_RS02875	2097	2815	1827	3948	3678	3985	7974	7023	5625	6716	6639	7168
HP_RS02880	642	691	508	562	689	707	2681	3078	1757	3068	2297	2983
HP_RS02885	471	503	368	245	454	513	2153	2496	1386	2600	1716	2615
HP_RS02890	1500	1944	1115	1257	2538	2927	8997	11752	4885	11852	5799	11180
HP_RS02895	395	508	339	448	824	962	2611	2756	1351	2879	1561	2709
HP_RS02900	2262	1399	2509	3167	2322	2073	2481	2040	1650	2151	2287	2108
HP_RS02905	7668	9446	7936	9654	5843	6037	6216	4855	4215	5027	6067	5280
HP_RS02910	4835	7965	5081	6486	3485	3699	3591	2619	2343	2575	3254	2695
HP_RS02915	2793	4821	2896	1798	1949	2042	1843	1317	1176	1303	1683	1221
HP_RS02920	0	0	0	0	0	0	0	0	0	0	0	0
HP_RS02925	0	0	0	0	0	0	1	0	0	0	0	0
HP_RS07875	112	137	115	375	490	466	1056	882	588	937	772	848
HP_RS02930	821	1244	940	1534	1580	1823	5237	4500	3270	4245	4439	4180
HP_RS02935	17875	22727	17622	9051	10315	13283	49782	27002	20656	35529	29615	32922
HP_RS02940	8933	12197	8969	9612	8011	8779	28909	25403	18048	24871	25457	24019
HP_RS02945	4294	5601	3860	7515	6792	6892	20781	16957	12803	16396	17091	16427
HP_RS02950	3750	5899	3254	4493	3777	4072	12265	10626	8287	10726	10816	11072
HP_RS02955	16499	20710	15641	13814	10956	11969	42155	41989	29868	41564	38709	40642
HP_RS02960	51	71	48	236	417	419	309	178	140	139	203	190
HP_RS02965	196504	208435	191765	188790	127927	141167	343347	417406	257206	432871	339267	418837
HP_RS02970	692	1397	690	3273	2512	3174	1763	1999	1341	2098	1671	2023
HP_RS02975	116	225	97	406	596	740	363	289	229	314	236	302
HP_RS02980	6928	8547	7062	5979	5562	6348	10812	12634	6905	12159	9015	12583
HP_RS02985	9329	13946	8581	6683	6066	7709	12168	13175	8457	13564	10896	14106
HP_RS02990	1946	3108	2027	1604	1405	1744	3373	3552	2209	3485	2835	3584
HP_RS02995	6492	11944	6612	7561	5312	6972	12385	11499	7534	11695	10274	10935
HP_RS03000	828	1032	854	636	683	801	2265	2155	1318	2082	1894	1646
HP_RS03005	5318	9703	4998	14216	15254	20480	10898	9535	6754	9324	8736	9205
HP_RS03010	29	70	39	233	633	702	194	150	86	127	104	121
HP_RS03015	139	172	120	259	589	578	253	244	158	227	195	156
HP_RS03020	841	1166	861	1308	1238	1332	2160	2281	1523	2150	1794	1991
HP_RS03025	5069	7003	4678	4179	3510	3805	5334	5420	3844	5082	4833	5397
HP_RS03030	1904	2403	1874	2162	1740	1970	2955	2906	1871	2713	2434	2738
HP_RS03035	3480	5014	3625	3044	3073	3455	4831	3778	2927	3727	4022	3526
HP_RS03040	1091	1807	1173	1048	859	961	927	740	571	716	754	732
HP_RS03045	2823	4501	2607	2623	4610	4694	4055	3416	2754	3342	3413	3618
HP_RS03050	2454	3374	2049	3765	5044	5293	4776	3860	2906	4030	3713	4047
HP_RS03055	4020	4502	3892	5420	5618	5609	7172	5854	4699	5660	6112	5367
HP_RS03060	1380	1978	1160	2915	3618	3734	3026	2284	1737	2368	2182	2250
HP_RS03065	291	344	208	625	765	775	713	720	345	627	484	610
HP_RS03070	738	871	610	1889	1807	1854	1626	1539	900	1455	1115	1384
HP_RS03075	981	1348	804	2279	2546	2661	1890	1738	1107	1695	1479	1706
HP_RS03080	4120	4817	3877	3538	3031	3485	6143	6242	4065	5732	5202	6159
HP_RS03085	3597	8052	3212	2104	1607	2229	3971	4212	2611	3777	3471	3936
HP_RS03090	1089	2539	983	596	402	526	1063	1050	741	801	1016	952
HP_RS03095	619	1130	618	322	361	381	1074	896	647	738	785	717
HP_RS03100	2272	3029	2089	1303	1488	1686	2936	2345	1641	2382	2412	1933
HP_RS03105	3708	4810	4589	3216	1800	1913	8373	5706	5880	5191	7923	5082
HP_RS03110	8689	13755	8981	1425	892	1074	7050	4539	4796	4416	6293	4619
HP_RS03115	14615	25744	14647	2088	1397	1775	11805	7508	7882	7253	11008	7887
HP_RS03120	5766	10639	5954	739	638	802	5595	3439	3685	3250	5021	3612
HP_RS03125	3391	5948	3523	1415	708	735	4185	2375	2646	2354	3642	2451
HP_RS03130	3760	7387	3206	2031	1701	1803	6123	3735	3756	3611	5051	3809
HP_RS03135	2465	3151	2320	1360	1910	1808	3472	3186	2328	3157	2793	3045
HP_RS03140	3483	4127	3355	1852	2370	2464	3652	5050	2425	4950	3138	4793
HP_RS03145	3592	4630	3536	4699	4585	4928	7577	8238	4463	7649	5749	7355
HP_RS03150	1186	1510	1005	2416	1994	2028	2198	1998	1390	1949	1804	1935
HP_RS03155	319	309	220	270	469	482	839	585	350	628	576	367
HP_RS03160	4725	4839	5032	5168	4189	4296	8511	5960	6632	5562	8130	6209
HP_RS03165	10820	12932	10395	11458	9200	9969	18636	13013	13974	12360	17621	13061
HP_RS03170	3834	5263	3408	6576	6423	7202	5702	6237	3832	6152	4649	6188
HP_RS03175	1183	1611	968	1692	1857	1968	2020	2165	1253	2231	1647	2276
HP_RS03180	2044	2879	1640	3620	4344	4632	3995	3813	2528	3907	3168	4015
HP_RS03185	4222	5336	3809	4339	4088	4597	5227	5376	3604	5222	4607	5546
HP_RS03190	1878	2924	1598	2344	2284	2542	2475	2549	1862	2469	2370	2793
HP_RS03195	1784	2352	1726	3839	3007	3114	3225	3049	2060	2951	2812	2904
HP_RS03200	6158	8155	5855	19051	11274	12169	10306	12643	7358	12318	9610	12680
HP_RS03205	1439	1953	1105	2352	3390	3866	2729	2611	2084	2761	2431	2904
HP_RS03210	2690	4061	2314	3254	4205	4413	6350	5304	3826	4921	4683	5058
HP_RS03215	39377	50421	42386	1732	1610	1726	8333	3704	5900	3231	7184	3554
HP_RS03220	141236	169388	156699	3483	2999	3071	24419	8972	16966	7944	22338	8896
HP_RS03225	2505	3447	2276	1705	1597	1972	2726	2951	1795	2809	2225	2614
HP_RS03230	4396	7217	4004	10574	7929	9869	7785	6488	4737	6126	6391	6157
HP_RS03235	4335	5169	4187	11555	8163	8384	5751	5204	3846	4685	5043	4963
HP_RS03240	8067	11509	7624	18391	13158	14307	9292	8633	6494	8578	8548	8988
HP_RS03245	7647	10287	6921	17688	13377	13923	10616	10181	7397	10048	9854	10494
HP_RS03250	3686	4362	3317	7871	9720	9503	7558	7196	4661	7222	6568	7115
HP_RS03255	534	844	475	3301	3000	3065	1584	1223	911	1257	1144	1247
HP_RS03260	112	135	63	932	740	687	429	341	249	337	319	314
HP_RS03265	119	193	130	482	504	538	489	332	254	302	297	347
HP_RS03270	88	236	82	217	315	417	298	265	146	246	203	230
HP_RS03275	1825	2914	1516	1458	2116	2396	1902	2155	1271	2041	1586	2184
HP_RS03280	3559	4981	3131	6043	5585	5903	4760	4472	3237	4478	3919	4812
HP_RS03285	1257	1730	1182	3281	2831	2914	2386	2222	1536	2135	1907	2305
HP_RS03290	2462	3645	2240	1850	2148	2356	3588	3354	2300	3246	3125	3275
HP_RS03295	37	57	29	56	53	79	92	75	57	84	75	75
HP_RS03300	9200	10747	8940	14956	12328	13198	22577	21840	14204	21717	18588	20192
HP_RS03305	1396	1507	1493	5107	4866	5383	3506	5027	2277	5282	3108	4342
HP_RS03310	17	14	13	50	63	93	21	37	9	32	21	41
HP_RS03315	257	235	257	378	409	376	218	146	105	120	181	76
HP_RS03320	135	187	90	572	535	537	271	196	179	228	174	166
HP_RS03325	150	295	163	340	400	476	406	296	241	316	259	268
HP_RS03330	2215	2896	2426	3336	2850	3203	4163	4486	2671	4122	3378	3635
HP_RS03335	5026	6120	4763	12544	8248	9263	8978	8709	6403	8914	8239	9189
HP_RS03340	508	1656	626	687	756	894	583	484	318	415	454	453
HP_RS03345	323	622	426	390	391	473	442	289	221	331	351	262
HP_RS03350	1705	1864	1765	1227	1242	1317	2484	2284	1471	2440	2089	2224
HP_RS03355	663	893	466	1302	1731	2111	1539	1266	942	1244	1173	1345
HP_RS03360	1399	1862	1185	3335	4081	6423	2639	3255	1498	2919	2089	2708
HP_RS03365	842	1195	841	1987	2590	2716	3076	2213	1868	2223	2369	1914
HP_RS03370	3021	4033	2763	2120	1688	1811	3084	3114	1969	2564	2529	2776
HP_RS03375	781	1975	636	1919	1034	1726	247	135	135	107	207	116
HP_RS03380	443	1054	381	691	566	943	104	76	55	69	87	63
HP_RS03385	291	789	241	494	410	753	105	55	44	65	70	61
HP_RS03390	1210	3309	1096	3996	2425	3775	518	283	317	294	420	295
HP_RS03395	2066	2877	1726	2970	3629	4241	2926	2544	1848	2505	2475	2589
HP_RS03400	8673	19095	7241	31811	13399	18942	709	518	542	609	713	575
HP_RS03405	7944	22960	6616	23675	12040	17771	728	636	599	691	749	648
HP_RS03410	3433	6977	3176	9958	5371	6702	285	252	191	254	286	267
HP_RS03415	5636	7529	5217	4131	5614	6368	8083	7523	4553	7315	5893	6862
HP_RS03420	769	982	707	1332	1397	1414	1929	1718	1170	1726	1492	1715
HP_RS03425	8367	10495	8077	11416	7943	8085	11684	11043	8058	10971	11132	11478
HP_RS03430	1184	1998	1007	1678	1551	1641	1930	1670	1444	1804	1860	1982
HP_RS03435	2082	3259	1758	3556	2783	2843	3810	3166	2678	3148	3576	3365
HP_RS03440	1877	2316	1974	2779	2822	2797	3039	2137	1950	1863	2413	1879
HP_RS03445	6670	8399	6808	10982	9657	10587	20745	20108	13340	19932	17082	19180
HP_RS03450	1102	1515	976	4690	3880	4196	3817	2824	2421	2719	3147	2632
HP_RS03455	78	114	81	364	495	446	397	280	275	247	288	281
HP_RS03460	145	226	141	234	333	370	139	141	78	131	104	117
HP_RS03465	659	812	687	2683	5397	5026	1296	1359	733	1361	942	1146
HP_RS03470	533	608	441	1016	1310	1253	2683	2545	1524	2295	1867	2345
HP_RS03475	181	237	160	406	649	604	1113	1063	610	962	740	986
HP_RS03480	834	1190	707	1415	1617	1744	2457	2845	1424	2423	1736	2463
HP_RS03485	500	657	579	823	886	974	1823	2150	1026	1823	1330	1663
HP_RS03490	181	275	216	194	270	290	720	786	430	685	515	582
HP_RS03495	1958	2355	1710	1913	2128	2253	3234	2947	1966	3041	2407	2847
HP_RS03500	508	685	452	403	660	687	910	814	541	807	747	781
HP_RS03505	20957	27593	21785	31496	17317	18639	29864	27875	23111	27022	30072	29493
HP_RS03510	19678	24786	20391	21345	15560	16527	28553	26813	21390	25299	27559	26937
HP_RS03515	354	819	299	540	877	855	4024	3938	2677	4208	3429	4517
HP_RS03520	1179	2910	920	137	186	215	418	221	238	243	356	203
HP_RS03525	2638	5286	2039	3569	4332	5405	4957	6722	3574	6799	4765	6475
HP_RS03530	1118	1528	944	4514	5500	6135	21365	22692	15009	22858	19298	24140
HP_RS03535	1012	1531	1040	1372	1652	2029	2321	2312	1348	2241	1811	1961
HP_RS03540	636	840	616	1418	1692	1983	2237	2982	1186	2718	1486	2550
HP_RS03545	355	496	318	463	566	605	751	631	432	637	553	639
HP_RS03550	1817	2662	1580	1239	1512	1587	1939	1791	1361	1536	1599	1815
HP_RS03555	1200	1541	1065	809	900	977	1116	1053	805	930	1006	985
HP_RS03560	323	386	282	702	873	858	628	504	370	463	503	442
HP_RS03565	1468	1836	1462	1294	1871	1842	2621	2271	1578	2106	2005	2069
HP_RS03570	3140	3866	3260	3866	3263	3169	5016	4507	3252	4058	4040	4274
HP_RS03575	2209	2827	2179	1776	2115	2075	2824	2614	1959	2527	2420	2973
HP_RS03580	3481	4412	3233	5340	3510	3483	4675	4001	3093	3953	3762	4281
HP_RS03585	385	367	332	478	891	829	1063	1018	531	1130	710	914
HP_RS03590	7956	10173	7109	7026	7870	8644	7314	6536	4700	6385	6228	6580
HP_RS03595	1326	1582	1091	2495	2760	3049	2199	1789	1303	1884	1643	2003
HP_RS03600	1806	2236	1541	3041	3012	3210	2996	2609	1952	2526	2354	2772
HP_RS03605	762	825	634	1569	1277	1297	1340	1116	902	1067	1131	1185
HP_RS03610	3218	3550	3147	5387	3593	3734	5004	4247	3337	3944	4353	4172
HP_RS03615	783	1048	766	1160	1249	1276	1706	1298	985	1115	1300	1160
HP_RS03620	1180	1568	1098	2647	2573	2531	2791	1980	1612	1873	2164	1850
HP_RS03625	676	936	741	1386	1362	1555	1230	899	736	835	923	880
HP_RS03630	615	816	650	556	886	956	1228	987	707	906	843	784
HP_RS03635	814	1062	690	1420	1715	1739	1496	1219	990	1261	1134	1362
HP_RS03640	4076	5498	3372	2900	3490	3634	4920	4635	3208	4405	4118	4786
HP_RS03645	1539	1999	1368	1590	1540	1665	2593	2079	1537	1875	1914	1885
HP_RS03650	1440	1759	1363	1547	1964	1945	2477	1838	1482	1577	1920	1625
HP_RS03655	1503	2079	1374	1921	2287	2498	2632	2291	1826	2215	2000	2233
HP_RS03660	3198	4366	2819	2915	3861	4048	4314	3974	2920	3758	3649	3809
HP_RS03665	2905	3501	2584	3400	3678	4423	5106	6720	3155	6049	3925	5519
HP_RS03670	5157	6872	5312	6577	5157	6543	10213	12227	6432	11346	8226	10599
HP_RS03675	953	1155	910	814	1044	1315	2762	3136	1663	3165	2015	2918
HP_RS03680	408	424	358	397	498	601	1229	1291	668	1331	853	1186
HP_RS03685	185	264	189	276	383	439	921	591	453	612	569	481
HP_RS07880	276	435	300	299	306	365	723	505	394	490	528	380
HP_RS03690	421	850	439	506	540	628	911	664	559	642	734	564
HP_RS03695	1042	1463	918	2397	2313	2361	2319	1553	1504	1453	1906	1524
HP_RS03700	779	1085	759	1464	1623	1676	1489	916	935	962	1126	829
HP_RS03705	2047	2788	1992	3462	3668	4260	2354	1930	1392	1825	1830	1800
HP_RS03710	6190	8022	6042	13210	12797	14211	5737	5782	3500	4897	4355	5040
HP_RS03715	1068	1591	958	687	1611	1798	1536	1261	980	1393	1265	1345
HP_RS03720	2066	2423	2051	2656	2495	2787	2638	2229	1792	2095	2245	2101
HP_RS03725	364	480	320	774	597	613	570	437	354	392	419	381
HP_RS03730	0	0	0	0	0	0	0	0	0	0	0	0
HP_RS03735	0	0	0	0	0	0	0	0	0	0	0	0
HP_RS03740	452	662	425	543	782	897	900	743	464	785	712	756
HP_RS03745	571	771	415	232	390	441	718	597	349	510	521	507
HP_RS03750	223	292	151	692	431	528	537	378	304	373	414	374
HP_RS03755	418	611	443	1924	2676	2609	790	719	552	827	616	783
HP_RS03760	484	682	499	939	1896	1845	1151	920	670	886	806	924
HP_RS03765	743	1006	801	1099	1302	1571	2010	1708	1066	1651	1545	1626
HP_RS03770	1632	1883	1702	2620	2987	2937	3761	3203	2075	2954	2874	2709
HP_RS03775	4235	5948	3996	9234	9470	10513	8250	7009	5146	6807	6067	6754
HP_RS03780	3091	4918	2855	1843	3121	3959	4043	3756	2644	3884	3322	3618
HP_RS03785	897	2108	744	603	675	1165	1172	1026	755	1019	946	1001
HP_RS03790	378	493	335	132	202	263	633	679	420	635	495	536
HP_RS03795	22398	26092	22086	22728	12983	13970	24552	21311	17136	21131	23735	21339
HP_RS03800	1737	1584	1807	1540	1470	1436	3029	2335	1944	2293	2697	2243
HP_RS03805	1507	2738	1188	3152	3594	3945	2337	1483	1487	1432	1832	1620
HP_RS03810	6296	8530	5591	6651	6077	6727	9129	6613	5678	6325	7532	6502
HP_RS03815	19222	25025	16998	22574	15730	17621	14650	11984	10269	11214	13542	12239
HP_RS03820	435046	675556	487202	97746	239768	221797	768531	561868	484697	459829	585007	517516
HP_RS03825	2460	3401	2275	1916	2399	2666	2825	2779	1926	2669	2453	2688
HP_RS03830	6785	10605	6565	6102	4875	5912	8971	8864	5500	8583	7290	8345
HP_RS03835	1320	2352	1316	2522	1656	2013	2566	2185	1644	2209	2005	2257
HP_RS03840	14004	25311	12713	11062	11242	13444	16957	15030	10644	15531	14872	15599
HP_RS07885	92	147	82	78	166	185	113	72	76	76	101	66
HP_RS03845	2879	5141	2510	1957	3214	3699	4160	4010	2580	3629	3394	3833
HP_RS03850	3408	6849	3441	2955	2388	3107	6746	5913	4073	5833	5657	5486
HP_RS03855	3550	5641	3285	5233	4663	5649	7681	6798	4684	6509	6061	6547
HP_RS03860	2379	4034	2715	3034	2143	3118	4467	4479	2961	4254	3813	4134
HP_RS03865	3003	5251	3311	2621	2359	3418	5686	5918	3791	5623	5061	5728
HP_RS03870	13481	20838	12318	17572	12011	15242	18646	19441	12509	19641	16724	19821
HP_RS03875	9818	13367	8989	12136	10527	11393	7905	6568	5266	6509	6875	6776
HP_RS03880	32222	40921	31222	23166	20935	23287	22383	22877	15388	21995	19649	22250
HP_RS03885	628	775	718	891	1174	1175	1765	1515	1137	1445	1446	1477
HP_RS03890	1117	1608	1126	1584	1573	1639	2419	2107	1638	1821	2046	1907
HP_RS03895	209	312	233	432	457	463	936	798	593	722	731	712
HP_RS03900	86	153	130	118	174	228	310	325	215	319	266	319
HP_RS03905	254	438	281	429	523	737	853	644	475	673	655	653
HP_RS03910	828	1082	764	1884	2578	2756	2456	2027	1444	1920	1836	2022
HP_RS03915	1144	1690	1221	2852	2237	2408	2048	2594	1417	2285	1848	2322
HP_RS03920	389	437	341	443	899	851	4477	3908	2500	3781	3322	3493
HP_RS03925	278	412	261	750	706	693	1274	901	743	960	938	904
HP_RS03930	985	1187	894	1869	1882	1820	2078	1262	1337	1351	1884	1477
HP_RS03935	814	1136	797	1120	933	1059	1660	1379	1012	1152	1217	1232
HP_RS03940	2442	3055	2375	2731	2412	2572	5054	4797	3060	4045	3792	4207
HP_RS03945	551	698	550	1122	1027	1077	2569	2542	1577	2099	1924	2176
HP_RS03950	355	558	332	901	659	751	1659	1617	1107	1302	1374	1388
HP_RS03955	116	170	118	200	197	226	292	234	163	258	259	192
HP_RS03960	1592	1723	1436	2819	2438	2360	3771	3442	2178	3309	2759	3210
HP_RS03965	1340	1434	1240	2526	2200	2204	3066	2681	1859	2466	2231	2419
HP_RS03970	4280	5572	3814	3585	3585	3746	6339	5729	4351	5099	5570	5461
HP_RS03975	5538	7703	4710	4941	4364	4830	7238	6289	5266	5705	6603	6460
HP_RS03980	1630	2046	1318	2218	1890	2036	2839	2425	1930	2276	2405	2458
HP_RS03985	891	2016	857	1255	1222	1540	1630	1323	921	1326	1185	1313
HP_RS03990	687	965	569	710	836	947	1141	766	734	746	846	701
HP_RS03995	868	1020	703	499	641	611	1120	762	541	732	882	525
HP_RS04000	1683	2260	1489	1729	1750	1751	2347	1934	1280	1755	1794	1480
HP_RS04005	398	693	379	1217	1190	1234	1011	776	573	746	730	724
HP_RS04010	1340	1743	1222	1417	1076	1061	1851	1515	1143	1275	1532	1338
HP_RS04015	577	816	554	1109	662	663	804	699	510	603	680	543
HP_RS04020	19419	23177	19379	21601	19901	21191	15414	15629	11366	15621	14783	15016
HP_RS04025	46584	51263	46808	57071	51491	55363	36987	34648	26810	34533	34530	34683
HP_RS04030	783	1107	764	618	1282	1377	1627	1645	865	1420	1172	1243
HP_RS04035	5861	5902	5462	4237	10403	10463	13615	14236	8789	15427	11898	13823
HP_RS04040	3789	4945	3585	7631	7382	7929	5536	4389	3584	4361	4664	4398
HP_RS04045	2417	5150	2190	991	1057	1421	1953	2135	1293	2078	1881	1833
HP_RS04050	2731	5368	2517	1165	1267	1698	2637	2801	1603	2705	2349	2373
HP_RS04055	494	723	496	835	1258	1486	812	780	481	779	665	825
HP_RS04060	4069	5051	3568	4999	4683	5063	4160	4635	2721	4490	3460	3942
HP_RS04065	1585	2221	1295	1008	1790	1850	2096	1788	1370	1736	1627	1867
HP_RS04070	1315	1566	1240	1609	1647	1812	2489	2431	1414	2450	1870	2386
HP_RS04075	9536	6547	9171	4044	9526	8943	13091	12638	8502	12399	11524	11346
HP_RS04080	869	1040	799	899	2784	2851	2097	1890	1170	1993	1358	1790
HP_RS04085	12538	16256	10562	12152	7419	8647	14533	12456	10321	12391	13757	12836
HP_RS04090	6792	10079	5955	10870	6191	7149	8482	6329	5901	6313	7856	7401
HP_RS04095	9818	9986	10154	8358	7169	7322	11265	8293	7094	7293	9558	7685
HP_RS04100	2905	3891	2506	3094	3269	3619	5074	3483	3166	3403	4207	3579
HP_RS04105	1224	1815	854	2152	2356	2527	2877	2288	1692	2237	2318	2156
HP_RS04110	362	497	213	1076	1205	1267	1061	771	579	650	787	689
HP_RS04115	469	566	424	389	586	539	793	591	486	585	641	533
HP_RS04120	297	445	254	222	210	279	428	349	276	328	323	348
HP_RS04125	162	320	150	218	136	159	235	182	148	153	183	191
HP_RS04130	1842	2529	1635	1764	1599	1675	1681	1370	1189	1353	1597	1518
HP_RS04135	732	1288	690	385	877	952	1084	1021	737	958	877	977
HP_RS04140	3011	3753	2446	2826	4381	4461	4661	3423	2517	3519	3360	3010
HP_RS07925	1387	1455	1075	696	2633	2575	2483	1657	1183	1665	1545	1171
HP_RS04150	1118	1384	1167	2145	2120	2016	2931	2589	1849	2520	2388	2489
HP_RS04155	673	1089	685	1028	962	1091	983	784	678	752	941	743
HP_RS04160	565	1647	483	550	554	771	853	677	597	719	770	689
HP_RS04165	2400	2624	2252	4852	3035	3192	5035	4305	3124	3888	3764	3983
HP_RS04170	0	1	0	0	0	1	0	0	0	2	1	2
HP_RS04175	0	0	0	0	0	0	0	0	0	0	0	0
HP_RS04180	1310	2110	1522	1289	1441	1632	2662	2525	1653	2245	2182	2200
HP_RS04185	1759	3069	1744	2823	2462	2662	3111	2916	2128	2744	2746	2884
HP_RS04190	3215	4393	2773	4724	5029	5121	4820	4244	3239	4227	4094	4500
HP_RS04195	936	1228	832	2481	2557	2438	2750	2134	1724	2159	2112	2026
HP_RS04200	1755	1785	1726	5744	3912	3725	4110	3114	2562	2914	3139	3038
HP_RS04205	1651	1665	1632	5968	3922	3789	3361	2760	2165	2610	2641	2776
HP_RS04210	7427	9958	7006	16216	13024	13866	14032	12468	9065	11870	11500	12446
HP_RS04215	3499	5237	3589	3483	4860	5019	6370	6110	4007	5889	5242	5748
HP_RS04220	1660	1924	1712	1798	1880	1676	2784	2708	1881	2701	2388	2665
HP_RS04225	4088	5561	3908	3046	3293	3679	4938	5004	3307	4974	4268	4773
HP_RS04230	897	1299	734	2952	2745	2920	2234	1662	1314	1696	1516	1689
HP_RS04235	1761	2705	1576	3843	3458	4260	3129	2709	2008	2569	2448	2760
HP_RS04240	2488	4190	2305	4952	3395	4584	4247	4109	2802	3410	3573	3699
HP_RS04245	5304	8054	5398	12336	8405	10756	12779	13923	8123	12856	10932	12595
HP_RS04250	3410	4301	3097	5784	7682	6969	1496	1548	1017	1394	1302	1420
HP_RS04255	5620	8705	5069	8657	5830	6062	2044	1789	1693	1588	1951	1701
HP_RS04260	26356	47251	22578	31772	18285	19343	6098	4848	4679	4776	5965	4984
HP_RS04265	99986	147931	89055	113868	50525	52466	21654	17257	16715	17830	21210	19212
HP_RS04270	321937	405651	286249	208184	129564	131341	85818	70934	65138	73943	85525	77105
HP_RS04275	1152	1787	1035	18696	16807	24998	2566	4782	1665	4681	2325	4519
HP_RS04280	966	1081	927	6693	4551	5731	1234	1575	831	1406	1075	1390
HP_RS04285	2644	2816	2418	1364	1468	1585	2296	2148	1513	2189	2061	2018
HP_RS04290	164	189	100	264	414	386	345	262	187	254	193	254
HP_RS04305	197	470	165	140	153	206	388	313	225	285	267	272
HP_RS04310	2081	3333	1827	1207	1851	2165	3282	2574	1997	2469	2623	2439
HP_RS04315	712	981	770	2878	2433	2526	1497	1061	951	1044	1140	1135
HP_RS04320	2522	3245	2523	5819	4871	4825	3441	2495	2192	2252	2796	2197
HP_RS04325	8932	9589	8249	67210	50183	46897	40553	25073	31212	26670	39576	27172
HP_RS04330	800	990	714	908	819	908	1921	1338	1258	1317	1478	1172
HP_RS04335	666	774	666	788	580	576	1824	1383	1183	1287	1430	1322
HP_RS04340	362	509	396	321	235	248	842	596	525	573	685	572
HP_RS04345	9770	8467	10621	4110	4559	4748	11163	10127	8148	9254	10541	9171
HP_RS04350	775	959	834	476	813	780	1204	965	1004	839	1089	1008
HP_RS04355	462	509	440	78	184	154	469	491	527	366	411	658
HP_RS04360	5696	8893	5331	2795	2160	2392	3574	3321	2556	3238	3293	3603
HP_RS04365	6108	8858	5786	2418	2017	2159	3589	3834	3113	3266	3324	4469
HP_RS04370	18609	27949	16390	14692	13775	16130	22514	23616	16896	23390	22287	24821
HP_RS04375	63	64	31	143	333	317	388	214	144	255	202	102
HP_RS04380	43	45	26	123	222	206	317	146	95	201	128	58
HP_RS04385	326	309	257	585	484	403	901	540	598	596	702	581
HP_RS04390	3341	4408	2845	3648	2214	2296	6202	3970	4099	3950	5348	4096
HP_RS04395	3896	5942	3903	3820	1756	1938	5820	4142	4261	3831	5024	4218
HP_RS04400	9509	10816	9882	7300	3708	3854	13200	9770	9457	9139	11921	9584
HP_RS04405	1918	1815	1946	271	373	376	2352	1250	1585	955	2152	1172
HP_RS04410	106	45	52	55	92	106	180	160	115	155	126	138
HP_RS04415	11	7	11	26	28	23	25	18	9	14	20	15
HP_RS04420	46	59	53	85	70	60	93	79	53	60	64	61
HP_RS04425	2374	2948	1877	2328	5322	5898	4895	5473	3161	5283	4463	5303
HP_RS04430	4798	5472	4151	3508	3926	4308	6678	6926	4442	6584	6177	6734
HP_RS04435	5896	7672	5034	4614	4888	5602	9444	9515	6052	8967	8414	9278
HP_RS04440	531	859	532	523	792	898	1132	1142	697	1013	916	1053
HP_RS04445	399	504	347	557	642	767	755	653	412	571	618	608
HP_RS04450	617	738	528	1014	1276	1360	1391	1057	826	997	1020	1054
HP_RS04455	37653	59298	32586	43135	31359	42007	27543	24045	18817	24300	26609	24894
HP_RS04460	10080	31971	8244	10082	7324	13181	6897	5946	4003	5980	6193	5547
HP_RS04465	3791	4740	3526	7826	6560	6945	9175	7267	5873	6886	7905	7022
HP_RS04470	1945	2924	1868	3566	3779	4389	3639	2335	2204	2292	3038	2404
HP_RS04475	994	1493	954	2832	2097	2303	1397	1095	831	1007	1084	1061
HP_RS04480	5125	10039	4837	13631	9145	11905	6795	5449	4243	5445	5950	5462
HP_RS04485	20651	44004	21372	22839	10831	14548	19522	27734	13050	25322	17093	24527
HP_RS04490	1025	1154	946	1045	1173	1281	1588	1340	1001	1227	1239	1256
HP_RS04495	3656	4568	3171	2381	3508	3649	8118	5923	4529	5495	5203	5315
HP_RS04500	5699	6212	5792	2530	5084	5150	6462	6914	4703	5825	5252	6345
HP_RS04505	7112	7248	7268	2597	5613	5533	8479	9491	5154	8534	6808	7254
HP_RS04510	540	706	490	1616	986	1000	1092	976	659	939	754	906
HP_RS04515	1240	1781	1177	2280	2099	2072	2056	2107	1329	1856	1698	2010
HP_RS04520	2262	3061	2157	2455	2213	2124	2609	2791	1743	2474	2454	2670
HP_RS04525	898	1195	765	1008	1026	1050	1258	1181	783	1042	1011	1083
HP_RS04530	1720	2105	1394	3084	3326	3663	4095	3717	2334	3418	2866	3471
HP_RS04535	4491	5395	4157	4368	4077	4288	7490	6970	4781	6781	6270	6797
HP_RS04540	2946	3751	2909	3498	3058	2991	5635	4969	3749	4713	4761	4915
HP_RS04545	1462	1972	1372	2943	2100	2135	3401	2712	2195	2474	2689	2748
HP_RS04550	474	673	380	1198	1358	1358	1683	1369	999	1157	1238	1325
HP_RS04555	520	582	517	962	837	744	1186	1149	717	851	851	914
HP_RS04560	204	223	179	248	461	436	362	351	237	254	294	273
HP_RS04565	275	290	241	630	1472	1466	2904	2553	1596	2486	2268	2422
HP_RS07930	1163	1582	1038	310	829	799	1361	1404	950	1348	1135	1524
HP_RS07945	1546	1983	1442	561	1173	1244	1921	1820	1314	1802	1661	1880
HP_RS04575	801	974	706	2043	1792	1717	1982	2263	1136	1817	1452	2073
HP_RS04580	1622	2030	1575	3201	2950	2849	3741	4937	2198	4142	2623	4240
HP_RS04585	909	1774	905	3836	2456	2856	320	247	223	197	303	238
HP_RS04590	1132	1847	1107	3157	1823	2319	350	238	215	187	280	249
HP_RS04595	3977	5182	3654	8318	5071	5383	355	310	232	294	291	274
HP_RS04600	2487	2518	2268	5861	3835	3705	240	177	131	163	146	163
HP_RS04605	12	10	11	86	34	31	34	11	16	13	17	9
HP_RS04610	0	0	0	0	0	0	0	0	0	0	0	0
HP_RS04615	167	250	228	1656	3591	3601	1927	720	780	659	764	701
HP_RS04620	195	294	280	2922	4806	4932	2230	848	900	763	929	803
HP_RS04625	1377	2299	1481	12550	18221	17268	3960	3264	1661	3013	2549	2280
HP_RS04630	1805	3124	1927	14193	23127	23187	3743	3344	1611	3182	2644	2223
HP_RS04635	27212	30993	25512	17720	20326	20403	25632	27839	16196	24703	21566	22892
HP_RS04640	2864	4605	2526	2152	2733	2869	3925	3487	2491	3268	3139	3230
HP_RS04645	1064	2435	1018	1106	1017	1231	1744	1631	1058	1509	1375	1489
HP_RS04650	1273	2268	1378	1029	1146	1412	2826	2828	1560	2623	2114	2297
HP_RS04655	346	358	255	548	629	660	639	515	324	483	449	420
HP_RS04660	1872	2720	2005	2801	1799	1865	2082	1588	1299	1389	1688	1461
HP_RS04665	4075	5603	4236	5241	3666	3772	4654	3707	3021	3232	3889	3249
HP_RS04670	2903	3119	2718	4023	3773	4042	6974	5737	4279	5481	5645	5186
HP_RS04675	2213	2169	2052	3038	3253	3093	4977	4505	3257	4288	4139	4167
HP_RS04680	1060	1201	1056	2524	2218	2126	1470	1161	1070	1056	1326	1195
HP_RS04685	1973	2768	1981	5317	4259	4418	3273	2551	2081	2482	2686	2397
HP_RS04690	7713	9785	7185	8640	10074	10518	9265	8174	6285	7924	7886	7981
HP_RS04695	2726	3775	2478	3489	3480	3586	3493	2873	2370	2779	3062	2927
HP_RS04700	2811	3131	2733	3109	2622	2854	4428	3625	2645	3420	3955	3429
HP_RS04705	3192	3891	3331	3358	2719	3197	5346	4518	3201	4108	4403	3644
HP_RS04710	66	56	56	96	44	57	30	27	25	20	23	24
HP_RS04715	174	265	191	364	364	357	324	280	221	260	233	264
HP_RS04720	207	280	212	709	610	628	402	402	254	363	363	335
HP_RS04725	233	318	224	727	548	566	377	239	216	249	311	235
HP_RS04730	1081	1300	971	1173	1570	1613	2217	2057	1342	1883	1675	1776
HP_RS04735	123	205	141	188	378	340	360	339	231	288	247	289
HP_RS04740	959	1614	1013	1964	1781	1927	2569	2051	1420	1853	1937	1898
HP_RS04745	371	491	373	879	927	1052	1111	984	612	828	828	819
HP_RS04750	674	859	627	1790	1755	1828	2171	1788	1077	1670	1462	1681
HP_RS04755	4533	6320	3939	6667	5349	5585	8390	7772	5299	7487	6507	7562
HP_RS04760	8274	10410	7113	4775	6149	6759	11812	12503	7780	12291	9794	12663
HP_RS04765	5726	6547	5161	7282	6628	6908	12443	12622	7898	11811	9633	12214
HP_RS04770	2088	2335	1768	1366	1838	2011	4633	4713	2786	4432	3570	4316
HP_RS04775	1655	1946	1443	1459	1390	1465	1821	1438	1235	1515	1680	1469
HP_RS04780	3072	3871	2613	4293	5117	5452	7157	6528	4397	5935	5538	5961
HP_RS04785	6731	7347	6290	7544	7358	7342	9792	9399	6507	9010	8324	9017
HP_RS04790	9976	13572	9363	16841	9603	10235	13222	10800	8226	11126	11369	10910
HP_RS04795	21	32	27	111	72	75	65	55	32	72	57	33
HP_RS04800	119	153	96	227	489	503	373	325	127	355	265	174
HP_RS04805	0	0	0	0	0	0	0	0	0	0	0	0
HP_RS04810	0	0	0	0	0	0	0	0	0	0	0	0
HP_RS04820	2393	3034	2401	1503	1858	1847	2323	2818	1568	2670	2283	2620
HP_RS04825	0	0	0	0	0	0	0	0	0	0	0	0
HP_RS04830	0	1	0	0	0	0	0	0	0	0	0	0
HP_RS04835	0	0	0	0	0	0	0	0	0	0	0	0
HP_RS04840	0	0	0	0	0	0	0	0	0	0	0	0
HP_RS04850	0	0	0	0	0	0	0	0	0	0	0	0
HP_RS04855	0	0	0	0	0	0	0	0	0	0	0	0
HP_RS04860	691	918	721	891	1945	1975	1357	1577	813	1241	1140	1110
HP_RS04865	963	1246	946	821	1655	1660	1073	1153	812	855	979	918
HP_RS04870	318	443	293	142	293	309	361	292	286	218	310	251
HP_RS04875	970	929	794	217	915	909	1345	1427	736	1176	864	1086
HP_RS04880	1065	1137	864	394	1060	1102	1672	1786	915	1485	1015	1437
HP_RS04885	77	131	81	110	217	215	134	68	61	74	90	92
HP_RS04890	110	137	104	592	1030	1001	474	334	227	398	270	313
HP_RS04895	0	0	0	0	0	0	0	0	0	0	0	0
HP_RS04900	0	0	0	0	0	0	0	0	0	0	0	0
HP_RS04910	101	93	75	187	275	222	208	156	99	139	130	117
HP_RS04915	576	631	601	451	722	633	593	475	371	428	511	420
HP_RS04920	602	1156	635	1350	910	951	681	546	406	583	592	563
HP_RS04925	1531	2021	1451	2156	4696	4578	4406	3691	2445	3443	2663	3377
HP_RS04930	4631	5451	4428	1815	3472	3453	4494	4911	3080	4688	3637	4412
HP_RS04935	3075	3847	2918	1762	2652	2611	2936	3021	2135	2907	2384	3049
HP_RS04940	116	155	102	316	537	556	192	153	133	134	125	156
HP_RS04945	965	1887	689	568	674	773	901	671	652	691	889	695
HP_RS04950	0	0	0	0	0	0	0	0	0	0	0	0
HP_RS04955	47	75	37	34	60	78	93	74	46	85	37	49
HP_RS04960	5	10	11	65	113	133	33	13	23	10	18	12
HP_RS04965	1165	1647	1003	1404	1774	1955	1957	1628	1257	1590	1552	1597
HP_RS04970	1749	1979	1549	2407	3454	3367	3987	3461	2580	3462	2897	3622
HP_RS04975	14146	19322	13132	20511	15890	16885	20094	18959	12576	18139	16177	18211
HP_RS04980	3663	5102	3391	5530	4877	5449	6386	5316	4044	5038	5168	5267
HP_RS04985	2592	4452	2576	2568	2865	3474	4051	3395	2566	3079	3368	3197
HP_RS04990	1465	2808	1355	2315	2551	2924	2813	2481	1843	2347	2192	2447
HP_RS04995	508	927	457	1521	1717	1768	1610	1219	851	1261	1142	1232
HP_RS05000	984	1693	875	1782	1543	1901	3001	2845	2050	2769	2590	3011
HP_RS05005	13225	17709	11785	14337	10665	11890	29775	25226	21944	25688	28928	27587
HP_RS05010	6399	8812	5475	10394	5977	6434	14362	11601	10171	11319	13472	12194
HP_RS05015	2385	3456	1865	3547	3256	3611	1	0	0	0	0	0
HP_RS05020	659	815	517	2258	2925	3032	7290	4754	3547	4594	3923	3960
HP_RS05025	874	998	960	692	937	920	1377	979	723	950	1001	822
HP_RS05030	971	1392	1036	796	774	865	1941	1445	1372	1391	1876	1595
HP_RS05035	502	784	544	493	462	517	1038	738	734	748	1002	766
HP_RS05040	418	675	379	508	613	736	831	506	537	466	748	560
HP_RS05045	4203	5349	3963	7861	6381	6978	3187	3999	2283	3761	2842	3864
HP_RS05050	2071	2848	2029	3851	3469	3753	3491	3151	2156	2841	2801	2828
HP_RS05055	725	972	803	827	1066	1169	2335	1843	1401	1728	1893	1705
HP_RS05060	906	1241	799	1310	1207	1389	2122	1770	1309	1949	1676	1780
HP_RS05065	224	244	216	349	403	472	806	728	434	757	562	704
HP_RS05070	1176	1718	991	1687	1590	1765	2440	2061	1411	1980	1823	1997
HP_RS05075	755	1247	714	1146	963	1163	1701	1591	995	1402	1289	1456
HP_RS05080	941	1639	879	1572	1203	1534	2166	2086	1235	1787	1538	1837
HP_RS05085	1626	3977	1495	2143	1791	2770	2776	2733	1621	2530	2048	2363
HP_RS05090	4700	6900	4823	3002	1812	2074	5592	5065	3890	4655	5236	4802
HP_RS05095	45683	69556	46525	28850	13792	16248	39885	35733	28543	33261	38489	35520
HP_RS05100	28138	32983	27956	11408	10033	10629	23469	22264	15903	20829	21836	20603
HP_RS05105	3272	4557	3239	13811	10859	11598	6603	6403	5545	5932	5931	6708
HP_RS05110	6208	7363	5711	15413	13442	14205	12309	11920	8388	11541	11013	10473
HP_RS05115	2071	2610	1756	2980	3289	3520	4172	3149	2584	2972	3112	3059
HP_RS05120	872	1292	859	1471	1499	1643	1671	1532	953	1503	1385	1481
HP_RS05125	6621	8148	6552	4991	4147	4467	7042	6729	4414	6560	5844	6114
HP_RS05130	1606	2199	1251	2564	3714	3924	3399	3190	1712	3216	2485	2603
HP_RS05135	5874	6975	6255	4759	4152	4357	6118	6355	4138	5999	5477	5965
HP_RS05140	887	1312	890	3466	2858	2758	2430	1930	1532	1636	1858	1753
HP_RS05145	657	926	628	2032	2028	1965	1674	1409	1069	1269	1351	1393
HP_RS05150	4515	5609	4113	9541	10095	10497	10996	8206	7280	7907	9473	8039
HP_RS05155	1148	1291	900	3398	2598	2757	2657	1829	1785	1615	2196	1774
HP_RS05160	3620	5027	3424	11726	6144	6932	8837	6093	5375	5669	7096	5649
HP_RS05165	1413	3332	1421	1263	1321	1952	3914	4010	2231	3731	3197	3711
HP_RS05170	10674	17944	10816	9361	6911	9096	18960	25447	11918	23060	16561	22173
HP_RS05175	1350	1774	1308	739	1339	1557	4275	5449	2914	4855	3673	4956
HP_RS05180	595	1112	640	1253	1640	1700	1635	1185	949	1111	1110	1077
HP_RS05185	445	656	488	776	1300	1272	1283	1173	748	1068	825	961
HP_RS05190	539	710	524	875	1082	1136	1445	1189	705	1082	937	946
HP_RS05195	324	439	241	382	854	864	972	908	425	849	531	719
HP_RS05200	2012	2303	1824	1363	1530	1576	3250	3878	1878	3752	2534	3726
HP_RS05205	3327	4116	2758	2893	2681	2950	4939	5259	3251	5048	4040	5187
HP_RS05210	925	1243	801	2260	2744	2920	2316	2230	1267	2129	1442	2093
HP_RS05215	1012	1142	873	2725	2487	2632	2661	2457	1687	2395	1913	2433
HP_RS05220	500	620	392	1468	1477	1456	1556	1280	929	1273	1055	1279
HP_RS05225	343	468	290	794	921	954	1110	970	690	916	711	966
HP_RS05230	378	416	285	642	807	853	845	761	489	742	572	745
HP_RS05235	482	556	367	815	1139	1099	1030	921	585	956	822	867
HP_RS05240	192	209	172	484	565	619	573	345	332	381	469	333
HP_RS05245	642	656	553	996	1277	1435	1407	863	760	897	1143	753
HP_RS05250	10438	12816	10089	8522	8720	9220	11099	10785	7562	10015	9292	10435
HP_RS05255	9048	13363	8632	7488	8974	10083	10309	9584	6972	9232	8595	9904
HP_RS05260	15052	16573	15367	15351	12163	13189	20486	20694	13240	19982	17938	19913
HP_RS07955	2790	3903	2951	2947	2449	2653	3569	3511	2642	3122	3237	3752
HP_RS05265	2143	2890	2015	3637	3129	3274	3735	3414	2418	3164	3013	3577
HP_RS05270	3293	3558	3312	3361	4307	4535	6148	5090	3717	4744	4561	5008
HP_RS05275	2714	2322	2828	1318	1863	1908	3516	2883	2117	2798	2981	2657
HP_RS05280	0	0	0	0	0	0	0	0	0	0	0	0
HP_RS05285	1180	1430	1159	2094	2360	2414	2745	2490	1779	2572	2409	2371
HP_RS05290	2417	3558	2441	7162	6664	7510	5344	6700	3400	5743	4551	5839
HP_RS05295	1842	2771	1813	4350	4850	5503	3853	3794	2409	3486	3155	3643
HP_RS05300	17	15	11	31	142	157	112	69	32	69	34	63
HP_RS05305	554	677	490	191	737	721	1593	1123	1017	1130	1079	1027
HP_RS05310	78	108	77	194	155	200	331	232	190	225	224	244
HP_RS05315	254	309	188	519	471	513	591	483	391	431	473	476
HP_RS05320	1080	1304	1010	1559	1705	1564	2487	1954	1570	1675	1960	1750
HP_RS05325	366	550	408	415	582	543	4688	4395	2710	4258	3958	4236
HP_RS05330	1076	1463	983	1201	887	972	1016	1051	703	931	879	868
HP_RS05335	542	507	467	1477	1687	1718	1436	1129	940	891	1023	916
HP_RS05340	71	53	49	281	408	405	282	226	191	207	232	211
HP_RS05345	161	227	115	481	579	576	346	242	238	239	295	287
HP_RS05350	4704	6399	4325	7208	4928	5460	7417	7005	4765	7013	6359	7003
HP_RS05355	3386	4970	3052	4368	5867	6370	6490	6276	4056	6369	5081	6273
HP_RS05360	2708	3274	2505	4239	5301	5063	5724	4896	3514	4805	4670	4807
HP_RS05365	456	520	380	1194	1036	1086	1224	979	855	1029	1104	1076
HP_RS05370	3853	4659	3552	8665	7642	8081	7378	5955	4650	5837	6085	5905
HP_RS05375	31	45	18	45	146	144	85	54	49	36	50	44
HP_RS05380	0	0	0	0	0	0	0	0	0	0	0	0
HP_RS05385	0	0	0	0	0	0	0	0	0	0	0	0
HP_RS05390	309	754	309	110	125	204	507	457	288	403	371	284
HP_RS05395	230	515	254	49	85	118	150	197	77	152	148	131
HP_RS05400	4280	6633	4161	3611	2473	2822	3315	3501	2137	3575	3072	3462
HP_RS05405	4913	6739	4306	4307	6826	7032	3956	3988	2547	3916	3363	3892
HP_RS05410	2422	3437	2205	2485	2660	2932	2437	2289	1629	2285	2150	2315
HP_RS05415	4062	5652	4287	4729	3944	3901	4411	3749	2979	3638	3822	3680
HP_RS05420	10225	11449	9914	4384	4309	4603	5204	5446	3552	5361	4952	5383
HP_RS05425	1707	2533	1652	1832	1939	2118	2256	2110	1202	1961	1643	2009
HP_RS05430	2552	4145	2730	2597	3143	3775	2926	2412	1771	1984	2264	2095
HP_RS05435	3111	3649	3245	5016	4006	4523	2835	2556	1764	2347	2375	2384
HP_RS05440	5708	8548	5846	2780	2021	2342	3483	3145	2505	2982	3376	2957
HP_RS05445	13797	17665	12650	6041	4642	5402	9060	8096	6829	7669	8985	8140
HP_RS05450	34696	51633	30583	23194	12596	14745	32518	27490	22642	26263	31991	28284
HP_RS05455	31237	41697	29282	17528	11199	12634	31193	26545	22334	25146	29649	27399
HP_RS05460	2147	3079	1990	6292	3922	4183	3950	2974	2614	2821	3515	2924
HP_RS05465	108	143	97	426	430	428	277	215	179	214	215	198
HP_RS05470	919	939	731	736	692	709	1558	1334	854	1189	1244	1079
HP_RS05475	8	2	2	9	18	16	7	9	5	9	7	6
HP_RS05480	152	191	125	252	316	335	236	201	155	145	186	165
HP_RS07960	252	404	239	329	570	647	416	287	239	238	309	257
HP_RS05485	2277	3992	2230	1509	2260	2642	4184	3444	2342	3349	3334	2907
HP_RS05490	4995	11163	5203	3936	3667	5452	8907	9325	5233	8644	7547	7991
HP_RS05495	4719	5292	3753	11218	11227	12672	10018	11007	6536	10432	8319	11039
HP_RS05500	2285	2795	1975	4932	5015	5378	4614	5299	3035	4580	3835	4730
HP_RS05505	787	825	735	2311	2725	2967	2405	2024	1379	1995	1760	1961
HP_RS05510	769	940	697	1014	1465	1551	2440	2528	1299	2624	1758	2136
HP_RS05515	981	1557	1106	1005	1024	1215	2422	2020	1502	2071	2026	1879
HP_RS05520	3115	4296	3312	2844	3106	3404	7066	6466	4511	6289	6043	6003
HP_RS05525	14625	20265	14581	15213	16466	17938	20620	16552	14175	15741	17474	16976
HP_RS05530	21555	24256	22305	20916	20104	21244	27840	25211	19590	22723	24638	24025
HP_RS05535	3898	5386	3676	5588	6699	6996	6652	6072	4604	5910	5480	6085
HP_RS05540	2084	3250	1786	4499	5587	6134	4434	3834	2904	3628	3422	3845
HP_RS05545	2815	5144	2564	5037	5212	5638	4563	4089	3220	3832	4011	4191
HP_RS05550	4415	7784	4292	5801	6230	6669	7741	7315	5315	7189	6962	7397
HP_RS05555	3369	2935	3998	4663	4425	4211	7891	7637	5455	7477	7091	7613
HP_RS05560	10746	13115	12054	15353	12123	12098	18881	17853	12489	17933	17652	16929
HP_RS05565	8820	11967	8670	10628	11155	11658	14737	13820	10026	13821	13333	13714
HP_RS05570	16057	17288	15186	29072	21079	20240	27513	25874	19032	26204	25254	26506
HP_RS05575	4064	5531	3907	8841	7377	6960	7184	6753	4956	6497	5928	6872
HP_RS05580	5065	6848	4761	11083	8931	8927	8702	7879	6109	7951	7194	8503
HP_RS05585	3652	3747	3507	9781	8097	7784	8658	7724	5258	7855	6606	7744
HP_RS05590	2889	4580	3083	4220	3172	3569	5291	4981	3486	4938	4442	4745
HP_RS05595	3053	4052	3012	6333	4760	5694	5824	5716	3623	5121	4453	5182
HP_RS05600	494	473	455	1166	1107	1237	1345	1258	801	1162	838	1345
HP_RS05605	262	414	305	308	245	256	468	335	255	308	328	294
HP_RS05610	0	0	0	0	0	0	0	0	0	0	0	0
HP_RS05615	1304	2187	1105	263	374	369	1245	1299	690	1309	1050	1037
HP_RS05620	26	13	8	38	28	42	14	6	9	16	9	9
HP_RS05625	2286	3752	1932	3427	1187	1018	3780	1877	3796	2324	3263	1558
HP_RS05630	530	669	577	1473	1589	1667	827	394	561	387	702	370
HP_RS05635	4113	3039	4716	4321	6608	6460	10688	10366	6392	9810	8342	8758
HP_RS05640	1620	1505	1565	3302	4882	4990	5830	5411	3790	4860	3893	5022
HP_RS05645	1972	2156	2382	5984	5191	5651	4033	3307	2504	3063	3344	3086
HP_RS05650	6656	8058	7321	8752	10005	10400	10688	9326	7557	8069	9216	8509
HP_RS05655	5996	7290	6179	6553	8029	8144	9993	8548	6569	7566	8189	7404
HP_RS05660	4327	5802	4495	2065	1771	2062	4499	4274	3042	4029	3898	4005
HP_RS05665	7853	9478	7445	4423	3737	3878	10079	9709	6257	9299	8506	9078
HP_RS05670	4187	4896	3930	12493	10709	12422	8363	11146	5450	10104	6840	10454
HP_RS05675	5999	6846	5368	16273	15264	17127	11060	13187	7100	12611	9205	12807
HP_RS05680	9150	10782	7636	7170	10550	10784	11308	11177	7296	11089	9488	11016
HP_RS05685	8460	10745	6811	5015	8173	8968	9586	9353	6175	9626	7984	9296
HP_RS05690	1228	1796	1041	925	1098	1223	1436	1400	903	1312	1148	1270
HP_RS05695	157	429	116	372	372	378	377	373	183	334	276	344
HP_RS05700	3696	5167	3247	3811	5283	6012	4796	3768	3103	3798	3890	3893
HP_RS05705	78207	70710	84140	38399	39140	39236	77490	81618	55371	79066	73063	76927
HP_RS05710	171	185	128	132	147	210	627	670	306	674	458	554
HP_RS05715	2274	2079	2217	1300	2184	2184	3798	5498	2355	5444	3202	4980
HP_RS05720	12964	16600	11872	11220	8950	9857	13486	18152	9262	17873	12127	18192
HP_RS05725	2622	3382	2403	4333	3493	3598	3993	4526	2594	4441	3108	4325
HP_RS05730	2650	4062	2416	1071	929	1122	3181	2667	2066	2602	2787	2387
HP_RS05735	1671	2013	1507	1334	1553	1255	1358	948	944	922	1284	1033
HP_RS05740	3120	5179	3135	5703	3019	3458	5612	5931	4024	5829	5714	5854
HP_RS05745	127	160	95	288	370	366	838	344	475	342	670	369
HP_RS05750	248	255	197	409	398	359	859	457	542	475	719	441
HP_RS05755	828	1011	772	1445	1024	904	1346	983	937	886	1135	868
HP_RS05760	2505	3518	2393	3183	2734	2751	6132	4729	4399	4549	5363	4633
HP_RS05765	2986	2908	3002	3036	3030	2938	7222	5207	5041	5306	6360	5128
HP_RS05770	486	536	539	1351	1122	1012	2747	2634	1688	2546	2365	2213
HP_RS05775	1665	2671	1557	2464	2578	2988	857	751	398	742	616	582
HP_RS05780	18254	21105	16458	35157	42657	53415	76550	141692	57253	143604	75089	142694
HP_RS05785	2815	3627	2729	2952	3443	3502	5532	5025	3828	4565	5002	4966
HP_RS05790	2786	4126	2457	1600	1336	1551	5967	5347	3997	5134	5395	5531
HP_RS05795	1268	2019	1432	1115	971	1219	4880	4343	2558	3990	3889	3363
HP_RS05800	2	1	0	2	11	12	8	2	3	0	4	2
HP_RS05805	1126	1223	1216	1233	1885	1848	2589	1647	1528	1526	1915	1530
HP_RS05810	2419	2925	2230	6874	4786	4604	3103	2236	2259	2114	2706	2190
HP_RS05815	1143	1485	1061	2701	2293	2338	2096	1487	1332	1519	1830	1472
HP_RS05820	666	922	709	1387	1312	1387	1377	961	696	1050	1118	1008
HP_RS05825	113	143	110	644	632	606	571	218	379	273	404	244
HP_RS05830	4586	6052	3975	4832	11208	11863	2322	2328	1559	2488	2041	2314
HP_RS05835	1698	2425	1495	847	1457	1622	2864	2285	1963	2407	2381	2218
HP_RS05840	1274	1421	1186	731	1051	1162	2520	1667	1658	1830	2173	1507
HP_RS05845	4091	6585	4310	3420	2442	2821	4955	4838	3434	4636	4361	4730
HP_RS05850	5540	7703	5645	3628	3013	3253	6679	6635	4134	6280	5749	5932
HP_RS05855	544	693	494	1335	1316	1428	1222	1045	820	1008	980	903
HP_RS05860	156003	214397	145861	39281	83708	85233	227712	155012	178915	140292	208808	137599
HP_RS05865	0	0	0	0	0	0	0	0	0	0	0	0
HP_RS05870	26073	37553	27418	64449	35186	41056	41410	39055	28307	40533	39735	40382
HP_RS05875	8571	8644	9363	8550	9652	10246	12435	12042	8988	12056	11885	12461
HP_RS05880	6392	7523	6362	4743	8509	9116	9037	9042	6464	8609	8087	8912
HP_RS05885	25598	37607	24105	98988	61407	67207	50998	51723	35827	52220	48365	51573
HP_RS05890	6425	6018	6850	24278	32143	30157	14332	14432	11003	15130	14316	14766
HP_RS05895	9018	12523	9244	64123	40953	40419	19298	18697	15053	19468	19197	19364
HP_RS05900	14148	15982	13919	32090	24148	24622	22936	19570	16610	19545	22130	20227
HP_RS05905	10325	11385	10012	14757	17415	18007	15543	13325	11650	12772	14957	13348
HP_RS05910	8162	9813	7769	26950	25083	25775	17280	13910	11359	13628	14624	13208
HP_RS05915	3331	4485	3106	12451	12290	12585	10062	8012	5848	8029	8029	6941
HP_RS05920	1023	844	920	3502	3844	3967	2231	1969	1563	1969	1828	1901
HP_RS05925	11008	11928	11939	13174	14027	13664	19311	18055	13892	17419	18230	17573
HP_RS05930	69373	75445	71983	122786	83316	82475	92705	82038	68553	83807	92625	87557
HP_RS05935	3143	3972	2987	3710	7013	6927	7019	4425	4123	4813	5439	4721
HP_RS05940	130	231	260	2393	2414	2327	1980	792	661	721	483	764
HP_RS05945	107	172	178	2155	1799	1676	1547	628	548	585	383	593
HP_RS05950	31	63	68	1016	807	697	805	312	338	300	187	315
HP_RS05955	1633	1771	1413	1299	1760	1871	2502	2271	1518	2205	1982	2061
HP_RS05960	1787	1739	1728	900	897	899	2340	2303	1396	2170	1824	2151
HP_RS05965	318	358	314	450	539	525	567	292	297	262	367	272
HP_RS05970	535	475	481	334	671	672	840	602	388	535	464	468
HP_RS05975	165	245	199	315	296	356	657	634	343	602	385	516
HP_RS05980	33	75	37	196	356	415	199	77	95	127	85	117
HP_RS05985	166	425	250	510	642	787	682	491	376	447	432	467
HP_RS05990	5076	6001	7552	5184	8293	10184	11827	12085	6538	10291	10040	9109
HP_RS05995	3016	4008	2951	6349	5716	6023	4334	3512	2840	3486	3774	3552
HP_RS06000	926	937	898	1578	2611	2532	2167	1578	1211	1515	1533	1524
HP_RS06005	513	576	445	1519	1921	2045	1529	1210	826	1259	1002	1307
HP_RS06010	1290	1997	1460	2361	1885	2240	1801	1663	1187	1608	1492	1427
HP_RS06015	7014	9229	7052	8068	8077	9392	9134	8725	5234	8272	7028	7752
HP_RS06020	503	738	504	750	626	637	1167	970	766	949	820	865
HP_RS06025	1672	2179	1457	1220	1560	1733	2545	2194	1630	2088	2023	1991
HP_RS06030	9542	12482	8412	4598	4150	4419	10404	8456	7088	8371	9184	8474
HP_RS06035	1997	2539	2016	918	974	992	2386	2281	1758	2083	2225	1848
HP_RS06040	1384	1980	1329	1081	1236	1185	2041	1659	1464	1578	1834	1566
HP_RS06045	321	364	309	473	427	385	535	349	359	331	483	381
HP_RS06050	405	621	463	376	404	414	548	355	384	386	461	309
HP_RS06055	30543	37069	30553	5900	9071	8406	42717	31062	30179	24092	36451	25784
HP_RS06060	1105	1343	984	2295	2601	2476	1959	1564	1195	1559	1577	1649
HP_RS06065	2017	2178	1961	5541	4144	3919	3950	3661	2548	3617	3324	3703
HP_RS06070	1240	1482	1026	2682	2795	2869	2216	2167	1518	2188	1893	2246
HP_RS06075	796	1053	567	1705	2738	2824	2017	1858	1298	1758	1455	1838
HP_RS06080	824	983	594	3572	3774	3610	2534	2253	1416	2210	1777	2197
HP_RS06085	1481	1887	1175	4951	5486	6109	3886	4448	2344	4674	3333	4138
HP_RS06090	666	827	621	960	776	851	1500	1519	814	1425	1038	1355
HP_RS06095	835	1137	678	1092	1345	1547	1932	1553	1060	1639	1409	1388
HP_RS06100	3786	4533	3509	2844	2827	2857	4189	5213	2721	5037	3330	4910
HP_RS06105	5111	6289	4515	3943	4246	4387	5693	6117	3570	6271	4542	6323
HP_RS06110	634	682	588	2108	2356	2505	3069	2143	2431	2259	2878	2237
HP_RS06115	272	490	282	371	321	373	466	378	241	331	348	311
HP_RS06120	1098	1552	1203	1240	1067	1196	1481	1443	884	1390	1331	1263
HP_RS06125	9382	10384	9281	2092	6135	5296	10858	10792	4700	9867	8617	5681
HP_RS06130	12167	15412	10195	7485	9361	10125	12630	12893	8744	13638	12494	13033
HP_RS06135	6847	8294	6773	10410	11986	11189	11842	11033	7717	9955	10236	9602
HP_RS06140	13056	14214	13124	44287	23078	21985	19485	17977	14222	17526	18335	18746
HP_RS06145	11182	11040	11097	21956	18228	17517	16515	14968	12168	14424	15190	15494
HP_RS06150	517	765	386	810	1001	1075	1237	1045	620	929	964	889
HP_RS06155	766	954	620	1698	1555	1523	1710	1230	934	1154	1263	1160
HP_RS06160	1243	1710	1330	2055	1449	1309	1792	1275	1169	1150	1465	1175
HP_RS06165	1429	1581	1236	1038	1172	1044	1806	1234	1076	1148	1438	1174
HP_RS06170	2931	3096	2603	2157	1579	1680	3384	2588	2143	2453	2975	2334
HP_RS06175	3232	3995	3079	2445	3252	3138	3747	2761	2288	2735	3030	2682
HP_RS06180	928	1164	912	1183	1022	1046	1550	1275	1032	1195	1248	1187
HP_RS06185	127	142	138	499	635	644	575	464	334	383	383	402
HP_RS06190	4613	4943	3786	3288	5324	5622	7289	6633	4989	6812	6272	6722
HP_RS06195	5326	6104	4846	3161	5016	5335	7044	7009	5170	7145	6411	7234
HP_RS06200	3238	4109	3167	3100	3611	3661	5988	5833	3999	5527	5119	5661
HP_RS06205	1417	2021	1440	1711	2252	2255	3454	2973	2269	2674	2711	2784
HP_RS06210	2420	3260	2558	3920	3495	3264	4749	3589	3159	3360	4120	3553
HP_RS06215	6591	7337	6208	6600	5548	5715	9930	8983	6496	8032	8311	8681
HP_RS06220	8350	8391	7945	11397	6922	7263	10635	9648	7470	9188	9187	10301
HP_RS06225	9309	10674	8658	10015	7190	7525	11575	10921	8049	10497	10323	10879
HP_RS06230	12006	12302	11009	10151	8750	8843	19519	18434	12869	17430	16972	17222
HP_RS06235	4194	5323	3947	4936	2952	3183	6639	6211	4660	5788	5886	6291
HP_RS06240	6271	8315	5919	7161	5636	5749	10318	9563	6568	8631	8371	8932
HP_RS06245	21231	26094	19479	17988	14618	14590	29282	27710	19435	26005	25215	26276
HP_RS06250	9326	11880	8352	8365	6581	6580	13710	13567	9078	13107	12457	13530
HP_RS06255	8892	10631	7590	8591	5873	6026	11563	11299	7865	11108	10592	11245
HP_RS06260	5861	8148	5115	5684	4183	4280	8125	8152	5669	7679	7394	8252
HP_RS06265	2863	3494	2548	2920	2150	2243	4538	4564	3219	4359	4211	4722
HP_RS06270	8860	10430	8373	11298	7269	7735	15138	14006	10077	13779	13678	14137
HP_RS06275	7323	11227	6602	9572	6625	7434	12899	11964	8864	11949	11312	12065
HP_RS06280	6701	9448	5682	10144	6616	6987	13747	12849	9171	12340	12151	12874
HP_RS06285	1993	2370	1620	2947	3532	3515	6858	5989	4328	5681	5504	5914
HP_RS06290	1537	1923	1362	2432	2556	2362	7459	6867	4857	6651	6637	6765
HP_RS06295	403	406	425	75	221	200	197	265	143	266	210	235
HP_RS06300	1123	1447	1198	780	1115	1091	2377	1906	1542	1863	1964	1863
HP_RS06305	585	653	593	520	640	645	1711	1380	1044	1378	1299	1270
HP_RS06310	422	585	338	736	1001	1016	1540	1253	941	1247	1062	1090
HP_RS06315	1266	1516	1318	1342	1218	1185	2691	2066	1770	1734	2103	1711
HP_RS06320	485	592	494	441	457	510	1370	921	812	846	919	814
HP_RS06325	1343	1896	1204	1319	1489	1527	3562	2168	2377	2107	2892	2159
HP_RS06330	0	0	0	0	0	0	0	0	0	0	0	0
HP_RS06335	3017	4377	2499	3258	2895	3153	4118	4056	2595	3881	3360	3957
HP_RS06340	10909	14892	9703	6945	6498	7043	9894	10607	6724	10215	8881	10421
HP_RS06345	4412	5546	4456	8061	9532	9310	12825	8038	9229	7091	11650	7387
HP_RS06350	3110	4147	2768	3067	3370	3419	3976	3523	2640	3247	3337	3207
HP_RS06355	247	707	246	238	216	260	410	359	257	308	340	293
HP_RS06360	922	3657	732	917	781	1139	1363	918	729	861	1042	770
HP_RS06365	1342	1844	1048	1812	1787	1995	867	1072	579	1110	743	1061
HP_RS06370	803	1079	587	1370	1300	1524	757	772	422	784	600	808
HP_RS06375	6143	7288	5755	13624	14503	15609	12656	13459	9063	13325	12217	13926
HP_RS06380	12715	18097	12377	42140	28681	32081	25303	26409	18293	26783	24186	27992
HP_RS06385	5655	8840	6093	17786	12361	13835	11666	12152	8367	12807	11236	12345
HP_RS06390	2712	3264	3274	4907	6382	7097	5429	5601	3850	5916	5355	5874
HP_RS06395	3399	4985	3615	3906	7072	8390	5990	5824	4186	5884	5695	5935
HP_RS06400	1803	2379	1952	1381	4073	4675	3561	3667	2501	3591	3320	3495
HP_RS06405	994	1303	942	2371	3061	3713	3176	3931	2214	3808	2949	3672
HP_RS06410	1907	2917	1872	9839	5994	7728	7024	8403	4616	8539	6294	7752
HP_RS06415	3320	7964	3627	14670	9816	14631	10933	13563	7658	13699	10331	12682
HP_RS06420	3074	6541	3065	8472	8357	11671	7383	9734	5326	9857	7264	9210
HP_RS06425	2844	3232	3031	11247	8556	10627	8090	10562	5975	11102	8134	10249
HP_RS06430	2352	3447	2565	9312	7092	8938	6403	8226	4800	8440	6345	7984
HP_RS06435	3233	5450	3280	12918	8801	12022	7862	9623	5698	9609	7658	9090
HP_RS06440	2215	4214	2300	9613	6090	8477	5545	6567	3902	6447	5121	5783
HP_RS06445	1525	2650	1537	3974	4615	6174	3228	3976	2431	3802	3021	3592
HP_RS06450	2279	3013	2360	8970	7090	9163	4426	5266	3114	5214	4287	4514
HP_RS06455	1291	2096	1331	6501	4008	5102	2704	3132	2014	2996	2565	2759
HP_RS06460	1801	3155	1730	10243	5772	7433	4051	4109	2883	4113	3722	3878
HP_RS06465	1672	2777	1676	6685	5613	6916	3953	3962	2745	4117	3756	3614
HP_RS06470	1720	2875	1781	5346	5629	6963	4258	4351	3054	4423	4174	3980
HP_RS06475	2778	3692	2878	10005	9390	10737	7319	7179	4906	7277	7177	6599
HP_RS06480	3800	5565	3819	22796	15765	17905	10914	10017	7902	10311	10917	9331
HP_RS06485	2890	4524	2775	20903	11296	14083	7751	6710	6365	7029	7934	6927
HP_RS06490	2902	4768	2850	16752	11277	15010	7924	6849	6576	6818	8086	7048
HP_RS06495	5191	8092	4996	31932	20369	27125	15653	12302	11245	12614	15173	12194
HP_RS06500	2167	4481	2025	13304	9387	13176	6917	4840	4966	5092	6180	5225
HP_RS06505	2321	4884	2434	14956	11124	15891	8452	5511	5939	5738	7827	5684
HP_RS06510	2114	3711	2405	16797	11871	15465	7800	4321	5705	4349	7550	4628
HP_RS06515	3082	4629	3041	11021	14703	17935	9469	4787	6422	5079	8531	5085
HP_RS06520	187	248	136	104	159	177	197	213	138	190	177	164
HP_RS06525	1951	3152	1681	972	726	962	2782	1635	1828	1634	2515	1785
HP_RS06530	1689	2151	1861	1246	1073	1269	2138	1628	1524	1582	2008	1747
HP_RS06535	1124	2013	1230	1031	687	821	1099	1224	788	1140	1131	1196
HP_RS06540	5477	9702	5247	4582	2851	3585	3951	4478	2771	4219	3979	4146
HP_RS06545	10111	11286	10298	2344	1692	1879	2714	2857	1958	2523	2547	2683
HP_RS06550	5121	6464	5130	1333	1238	1444	1602	1722	1113	1569	1503	1648
HP_RS06555	524	869	494	421	404	487	411	416	257	401	292	370
HP_RS06560	1990	3001	1957	1410	1413	1611	1940	1650	1043	1489	1389	1338
HP_RS06565	441	612	463	456	614	656	761	599	467	527	524	458
HP_RS06570	669	1072	720	1930	1104	1198	1591	1203	1066	1136	1384	1079
HP_RS06575	765	967	755	1704	1245	1336	2156	1418	1243	1590	1758	1357
HP_RS06580	597	835	508	363	611	590	1020	1327	654	1262	715	1112
HP_RS06585	24149	33695	19252	19751	40290	50659	18134	19778	10806	19254	14610	18588
HP_RS06590	2171	3329	2178	2853	3890	4608	3272	3338	1991	3342	2566	3158
HP_RS06595	915	1081	681	1314	1865	2002	2888	2761	1634	2696	1723	2640
HP_RS06600	761	1040	741	1164	1084	1169	1594	1266	981	1244	1161	1146
HP_RS06605	454	437	510	768	680	725	976	701	683	668	637	633
HP_RS06610	8193	9862	8026	14630	12677	13045	13221	14938	8893	14871	11716	14780
HP_RS06615	7386	10431	7040	12945	11383	12015	11191	12890	8199	12648	10209	13714
HP_RS06620	7851	8419	7429	8508	12984	12917	13526	15504	9235	15074	11555	14921
HP_RS06625	16890	19781	14617	3897	4394	4776	18817	15068	12855	14413	17419	14998
HP_RS06630	1883	2220	1792	1586	1726	1855	2720	2309	1641	2088	2075	2219
HP_RS06635	2839	4470	2589	1996	2354	2568	4024	3804	2752	3728	3341	3824
HP_RS06640	5847	9073	5383	3682	4013	4383	6162	6462	4095	6308	5580	6280
HP_RS06645	3528	4011	3100	2894	3771	3809	4950	4566	3214	4301	4053	4210
HP_RS06650	224	351	204	662	830	734	888	540	490	509	532	536
HP_RS06655	526	733	443	1260	1592	1543	1675	1344	990	1317	1207	1311
HP_RS06660	2295	3552	2202	5524	4712	5101	3984	3518	2762	3395	3353	3397
HP_RS06665	9853	10954	9946	12470	12327	12617	14090	13262	9285	13042	11807	12581
HP_RS06670	333	536	354	399	602	645	638	573	340	555	446	525
HP_RS06675	1146	1496	1176	617	1046	943	1283	1205	851	1037	986	1015
HP_RS06690	1822	2551	1502	1548	2106	2096	3354	2638	1995	2745	2577	2691
HP_RS06695	1101	1443	1172	1551	1273	1208	2880	2203	1823	2199	2381	2173
HP_RS06700	1605	2197	1372	2200	2021	1967	3168	2581	2226	2479	2654	2509
HP_RS06705	1043	1590	1013	1833	1498	1404	2250	1829	1558	1688	1875	1883
HP_RS06710	472	634	517	573	632	564	1143	957	664	842	772	845
HP_RS06715	454	848	476	658	584	633	1095	808	608	752	775	672
HP_RS06720	919	1187	899	1126	1331	1236	2084	1531	1118	1463	1564	1303
HP_RS06725	711	1012	615	1097	1494	1562	1778	1350	944	1301	1272	1337
HP_RS06730	2239	2972	2206	2555	2770	3005	3775	3575	2465	3298	3154	3422
HP_RS06735	721	994	708	942	1048	1092	1569	1419	984	1217	1234	1279
HP_RS06740	372	512	323	1321	1367	1238	1148	939	640	926	792	850
HP_RS06745	618	849	528	1665	1834	1848	1680	1374	939	1248	1122	1360
HP_RS06750	613	779	538	691	1419	1357	1802	1784	947	1707	1126	1659
HP_RS06755	272	318	213	641	1025	981	865	715	479	692	544	717
HP_RS06760	1115	1320	930	1321	1594	1619	1884	1543	1071	1465	1386	1509
HP_RS07895	4313	6177	4014	1990	3133	3217	4266	4724	2713	4174	3465	4418
HP_RS07900	264	396	250	174	253	237	291	210	153	200	226	195
HP_RS06770	648	812	601	782	881	906	1209	813	617	821	848	780
HP_RS06775	836	1569	735	1375	1365	1659	1588	1100	953	1035	1172	979
HP_RS06780	1557	2758	1794	1730	1580	2040	2876	2272	1783	2242	2571	2202
HP_RS06785	12186	15372	12011	11961	9161	9922	13336	12431	9320	12331	12350	12821
HP_RS06790	9046	10711	8946	9288	7085	7366	10213	9365	7260	9312	9305	10025
HP_RS06795	7325	9021	7164	6749	5997	6368	8375	7526	5841	7392	7654	8154
HP_RS06800	13750	17565	13492	9401	8666	9095	16877	10383	9674	8937	12671	9086
HP_RS06805	3925	4696	3699	3375	4901	5434	5992	6151	3820	5968	4764	5997
HP_RS06810	6632	9231	5760	7452	8440	9158	10933	9372	7255	9342	9638	9472
HP_RS06815	880	1670	751	1511	1503	1876	1989	1654	1162	1353	1446	1342
HP_RS06820	215	315	181	608	810	889	502	347	262	307	307	340
HP_RS06825	252	370	249	286	554	666	454	294	289	273	327	253
HP_RS06830	1318	1408	1391	1042	1234	1095	1475	1416	1095	1335	1416	1352
HP_RS06835	2126	1598	2245	1279	1223	990	2173	2310	1472	2351	2148	2220
HP_RS06840	5393	5406	5275	2429	2941	2781	5444	6130	3770	6197	5113	6171
HP_RS06845	2018	1995	1698	5423	3377	3304	3827	3394	2438	3121	2962	3203
HP_RS06850	1127	1270	973	3754	3118	2943	2890	2381	1729	2279	2171	2250
HP_RS06855	0	0	0	0	0	0	0	0	0	0	0	0
HP_RS06860	0	0	0	0	0	0	0	0	0	0	0	0
HP_RS06865	0	0	0	0	0	0	0	0	0	0	0	0
HP_RS06870	0	0	0	0	0	0	0	0	0	0	0	0
HP_RS06875	331	357	288	854	1179	1105	745	715	449	694	523	665
HP_RS06880	1129	1578	1013	1308	1735	1612	1950	1963	1177	1908	1479	1884
HP_RS06885	922	1139	752	1016	1049	1053	1518	1411	852	1341	1028	1254
HP_RS06890	533	529	515	1276	1326	1377	1224	1109	636	1138	803	984
HP_RS06895	1793	3250	1941	1026	1161	1333	3063	3380	1776	3331	2308	2974
HP_RS06900	4945	6897	4550	2681	3178	3432	6094	6339	3964	5949	4978	5910
HP_RS06905	197	519	197	194	301	373	73	64	42	52	61	59
HP_RS06910	284	383	257	546	703	670	5879	3860	3868	3890	4869	3292
HP_RS06915	838	1026	798	3939	3171	3200	33155	21279	23019	22163	31139	23920
HP_RS06920	954	1137	732	259	391	450	1487	1176	995	1134	1244	1136
HP_RS06925	2545	3618	2436	749	842	894	2370	2188	1569	2079	2114	2090
HP_RS06930	1459	1789	1342	948	942	1017	1587	1646	931	1664	1457	1477
HP_RS06940	82	114	71	290	731	750	424	354	214	373	235	365
HP_RS06945	1152	1955	1163	516	453	525	1074	1105	708	982	953	901
HP_RS06950	1677	2984	1649	955	1039	1078	1748	1510	1172	1299	1482	1369
HP_RS06955	69	97	92	661	1085	1180	607	355	215	409	295	171
HP_RS06960	6074	18386	3514	13133	2778	4691	6168	3566	5691	4436	5709	2759
HP_RS06965	330	371	284	67	285	276	862	1166	566	1071	610	980
HP_RS06970	8549	13040	7315	2093	2027	2254	9843	9215	7590	9584	9585	9815
HP_RS06975	3102	5164	2528	952	933	1076	3285	2944	2585	3041	3201	3378
HP_RS06980	3714	5519	3230	1704	1417	1625	5048	4012	3614	4313	4784	4599
HP_RS06985	642	705	604	447	814	722	1356	1150	819	1114	1186	944
HP_RS06990	1735	1942	1656	684	839	768	1895	2054	1221	1691	1592	1798
HP_RS06995	1707	2326	1569	1426	1580	1739	2553	2621	1642	2482	2037	2533
HP_RS07000	975	1317	962	1296	1463	1562	1425	1376	1032	1301	1208	1450
HP_RS07005	734	988	747	1448	1381	1358	1483	1256	983	1127	1205	1230
HP_RS07010	1086	1611	1130	1847	1666	1730	1660	1747	1081	1535	1431	1759
HP_RS07015	756	900	650	873	1153	1089	1317	1138	820	1047	1030	1159
HP_RS07020	686	798	643	393	528	590	1300	1168	778	1129	1046	1049
HP_RS07025	448	747	369	305	350	435	724	725	497	690	613	736
HP_RS07030	820	1434	732	957	801	926	2057	1957	1303	1846	1446	1905
HP_RS07035	2716	3392	2434	4539	2365	2464	3748	4003	2419	3941	3070	4044
HP_RS07040	21811	26569	20961	22954	14733	15136	23922	25731	16110	25093	21214	25891
HP_RS07045	1602	1767	1499	617	1739	1741	2653	3051	1639	2901	2050	2713
HP_RS07050	1121	1322	1001	1140	1331	1229	1327	1128	906	1136	1055	984
HP_RS07055	791	1151	726	269	595	623	966	650	486	616	701	549
HP_RS07060	145155	106203	119181	14975	63263	63592	238653	196689	77096	259491	177366	86373
HP_RS07065	1058	1428	842	5518	5100	5149	2451	2369	1582	2297	1949	2204
HP_RS07070	1727	2391	1756	9125	6118	6286	3227	3160	2152	3155	2818	3150
HP_RS07075	7655	9210	6830	22552	18484	19258	11771	11430	8003	10977	10636	11635
HP_RS07080	4191	5244	3860	10287	10386	10464	9644	8124	5209	6898	6239	6570
HP_RS07085	10600	8108	10090	1632	10628	10631	103720	93662	59429	97348	94115	64244
HP_RS07090	136	170	159	249	169	195	272	202	185	221	296	217
HP_RS07095	1366	2042	1386	1579	1706	1888	2409	1859	1654	1874	2103	1963
HP_RS07100	1712	1985	1678	2201	1751	1951	2666	2063	1837	2156	2266	2088
HP_RS07105	107	87	81	44	89	108	316	340	114	296	176	203
HP_RS07110	23	27	18	44	77	111	72	46	37	33	43	38
HP_RS07115	3	2	2	7	4	16	4	2	0	3	1	8
HP_RS07120	10	7	3	22	14	32	15	4	3	4	8	11
HP_RS07125	1753	3039	1423	3235	920	831	3189	1340	3357	1995	2528	1242
HP_RS07130	434	666	445	610	862	972	1021	1160	534	1008	640	806
HP_RS07135	9086	9818	8777	9608	5150	5614	10584	9826	7236	9404	9366	9915
HP_RS07140	5088	6548	5113	4959	3096	3327	5223	4840	3583	4696	4622	4769
HP_RS07145	2889	4170	3074	3524	2955	3049	4401	3551	2763	3397	3502	3518
HP_RS07150	3634	4336	3249	3522	5454	5477	5734	5165	3735	5089	4410	4892
HP_RS07155	10032	12169	9356	10092	10367	10821	11440	10340	8198	10202	9848	10553
HP_RS07160	7151	9136	6714	8642	7469	7826	8403	7333	6014	7017	7296	7523
HP_RS07165	3840	5225	3761	8313	7048	7674	7267	5681	5396	5396	6387	5796
HP_RS07170	4868	6880	4860	14224	13434	14209	9637	7041	6896	6887	8581	6980
HP_RS07175	1327	1911	1147	4768	6515	6492	2366	1489	1852	1556	2095	1799
HP_RS07180	2916	3912	2435	6649	9155	8898	5436	4227	3772	4333	4743	4318
HP_RS07185	1552	2014	1274	3225	4646	4775	2864	2452	2109	2500	2570	2457
HP_RS07190	884	1162	789	3052	4584	4417	2692	1965	1735	1994	2223	2124
HP_RS07195	644	719	474	1869	2104	1962	3161	3554	2213	3815	3082	3744
HP_RS07200	14709	20304	13529	12656	12306	13291	18152	15039	12850	14770	16331	15755
HP_RS07205	9417	9849	9450	7420	6746	6941	11409	9814	8291	9691	10689	10189
HP_RS07210	14257	11907	14514	9247	9639	9501	15972	13862	11529	13918	15275	14617
HP_RS07215	7057	6753	7444	8158	7440	7593	9613	8402	6731	8399	8678	8551
HP_RS07220	26947	30843	30244	9500	11904	13444	27870	40947	17492	36031	24510	34314
HP_RS07225	2993	3248	2946	1422	1071	1054	3382	3483	2275	3387	3036	3353
HP_RS07230	9897	14544	9488	3415	2728	3137	9527	9981	6481	9727	8718	9607
HP_RS07235	5345	6702	4752	1964	1307	1340	4653	2620	2975	2415	4015	2608
HP_RS07240	2163	2912	1969	3424	2354	2517	4945	4407	3343	3964	4128	4165
HP_RS07245	2554	4160	2427	2790	2067	2380	4770	4147	3280	3882	4139	3988
HP_RS07250	1446	2207	1541	1178	1150	1336	3825	3328	2471	3513	3134	3264
HP_RS07255	845	1276	925	1190	953	953	2736	2303	1695	2250	2266	2100
HP_RS07260	940	998	1024	1360	1703	1824	3299	2712	1995	2611	2459	2470
HP_RS07265	911	1230	884	1232	1264	1376	1541	1374	970	1194	1322	1207
HP_RS07270	7752	13166	8495	6304	6758	7958	9643	8010	6500	7615	8457	7546
HP_RS07275	22477	25729	25213	14554	12673	14624	21521	20139	14463	19123	18682	19354
HP_RS07280	2988	4000	2748	2973	2748	2687	4123	3794	2521	3792	3341	3679
HP_RS07285	518	653	526	503	561	580	815	656	551	579	680	567
HP_RS07290	371	504	364	324	392	408	438	401	328	332	395	309
HP_RS07295	246	428	229	588	554	581	656	515	364	455	472	456
HP_RS07300	406	603	435	655	690	698	1028	883	641	846	883	911
HP_RS07305	871	1268	833	877	976	967	1475	1266	1074	1207	1365	1392
HP_RS07310	1513	1788	1424	1886	1651	1432	2302	1918	1573	1899	2122	2005
HP_RS07315	860	999	767	1323	1414	1260	1656	1465	1085	1504	1320	1466
HP_RS07320	1780	2154	1780	2776	2893	2808	3546	2780	2097	2790	2523	2668
HP_RS07325	3150	4039	2810	4500	4811	4547	6206	5048	3627	4567	4647	4565
HP_RS07330	3827	4492	3495	5464	4970	4750	6564	5778	4088	5608	5336	5528
HP_RS07335	3547	4540	3157	5246	4104	4073	6080	5619	4018	5205	4980	5170
HP_RS07340	2301	2913	2005	2756	2607	2731	3221	3050	2167	2808	2623	2910
HP_RS07345	3432	4041	3210	4554	3763	3944	5307	5008	3251	4600	4288	4820
HP_RS07350	2433	3037	2306	2384	2495	2669	4086	3861	2261	3560	3097	3543
HP_RS07355	620	625	574	694	1177	1142	1683	1551	937	1519	1228	1472
HP_RS07360	717	1108	654	1287	1539	1447	2021	1450	1110	1394	1476	1397
HP_RS07365	1010	1630	960	1776	1597	1574	2452	1769	1356	1508	1885	1615
HP_RS07370	1224	1467	1300	1533	1218	1190	2365	1638	1496	1440	1996	1569
HP_RS07375	2437	3870	2193	2920	2569	2638	3918	2567	2416	2285	3150	2490
HP_RS07380	2800	4005	2469	7448	4445	5097	5199	4127	2928	4151	3896	3593
HP_RS07385	1073	2353	1174	1337	1020	1320	1886	1806	1027	1664	1391	1551
HP_RS07390	608	695	635	668	580	665	1283	1162	707	1091	958	1100
HP_RS07395	1031	1343	1012	1396	1160	1227	2145	1832	1292	1773	1564	1796
HP_RS07400	811	969	683	706	1167	1160	1920	1742	1086	1770	1321	1729
HP_RS07405	2243	2969	1966	1334	1661	1598	3165	3045	2114	3055	2710	3015
HP_RS07410	10418	15417	10605	14088	14009	14271	14696	13184	10743	12068	13089	12527
HP_RS07415	2596	4253	2807	7847	4932	5258	5091	3924	3382	3755	4264	3813
HP_RS07420	452	950	410	2320	2292	2616	1793	1163	1085	1309	1414	1352
HP_RS07425	0	0	0	0	0	0	0	0	0	0	0	0
HP_RS07430	20396	21304	21733	18077	17691	20774	19349	18715	12451	18124	15917	17717
HP_RS07435	3789	4435	3599	782	1044	1043	3317	1665	1857	1543	2740	1421
HP_RS07440	1846	3012	1705	1619	1569	1586	2253	1129	1260	1112	1711	1118
HP_RS07445	914	1381	808	1047	1462	1581	1264	940	708	932	1049	787
HP_RS07450	1162	2008	960	1399	1274	1577	1298	1219	875	1035	1092	1131
HP_RS07455	836	1524	917	1009	681	923	1050	969	623	990	892	834
HP_RS07460	5853	6490	5422	5235	6343	6746	9605	8587	6291	8382	8137	8281
HP_RS07465	2699	3481	2356	3095	2623	2668	4102	4615	2817	4407	3725	4121
HP_RS07470	2722	3530	2678	1949	1658	1663	3530	3842	2305	3835	2774	3824
HP_RS07475	2470	3806	2332	1292	1479	1675	2430	2509	1657	2719	2152	2760
HP_RS07480	1038	1597	935	646	729	937	1158	1089	800	1194	988	1328
HP_RS07485	39275	58504	42420	26452	25711	36004	45404	42169	29377	41773	39304	41218
HP_RS07490	1623	2837	1579	2776	3796	4734	3347	2231	2112	2312	2634	2545
HP_RS07495	2071	2633	2071	5112	4590	4668	2962	2317	2003	2452	2545	2358
HP_RS07500	1107	1842	1219	542	1089	1079	1754	1453	908	1313	1480	979
HP_RS07505	2273	3411	2361	1198	1777	1759	2978	2737	1900	2529	2669	2424
HP_RS07510	36	43	31	5	18	15	53	37	25	42	30	18
HP_RS07515	63	116	85	57	157	150	188	113	102	99	108	107
HP_RS07520	141	84	56	68	160	108	176	149	97	118	138	118
HP_RS07525	1897	2301	1857	659	881	941	1934	1955	1205	1991	1677	1862
HP_RS07530	752	1129	687	754	1280	1172	1701	1386	969	1362	1261	1331
HP_RS07535	5145	5869	4699	5974	7954	8199	7215	7357	5020	7509	6194	8116
HP_RS07540	3857	4496	3674	8078	7936	8029	6515	6023	4465	6308	5369	6844
HP_RS07545	787	899	772	2276	2716	2495	2747	2555	1778	2514	2309	2565
HP_RS07550	477	605	513	357	606	554	2343	2219	1641	2242	2057	2315
HP_RS07555	4616	5653	4103	2455	4612	4310	13152	14654	9163	14441	12021	14261
HP_RS07560	1796	2267	1399	2286	3009	2932	4003	3652	2224	3757	2606	3584
HP_RS07565	78	170	98	105	121	131	309	248	209	233	224	235
HP_RS07570	270	199	300	145	271	217	544	645	344	636	490	594
HP_RS07575	3093	4990	3238	3457	2671	2801	4382	4297	2829	4150	3982	4031
HP_RS07580	493	1324	557	549	463	605	781	722	497	717	634	687
HP_RS07905	202	425	225	264	314	287	295	299	232	233	249	251
HP_RS07585	0	0	0	0	0	0	0	0	0	0	0	0
HP_RS07590	0	0	0	0	0	0	0	0	0	0	0	0
HP_RS07595	60	107	57	230	286	272	130	121	133	100	118	107
HP_RS07600	307	295	273	788	1120	1100	884	576	510	595	673	556
HP_RS07605	7713	11462	7548	12843	6377	7082	11518	9346	8207	9076	11038	9687
HP_RS07610	13657	19122	13239	16931	11139	12383	18022	14768	13019	14797	17254	15242
HP_RS07615	6219	7057	5850	6168	5274	5823	8222	6269	5552	6398	7574	6046
HP_RS07620	2184	3896	1928	3891	3446	3626	3890	2855	2281	2777	3175	2677
HP_RS07625	878	840	1033	742	1034	952	1405	1145	872	1210	1121	1098
HP_RS07630	2382	2825	2360	3379	3049	3222	3459	2491	2013	2625	2598	2604
HP_RS07635	1303	1613	1133	2697	2817	2778	2713	2139	1700	2159	1975	2244
HP_RS07640	1699	2453	1447	3665	3566	3721	3324	2915	2070	2882	2643	2841
HP_RS07645	2141	3466	2012	3358	2821	3186	2893	2751	1940	2627	2553	2766
HP_RS07650	12288	20016	11424	14167	10543	12641	15519	15339	10507	14456	13992	15042
HP_RS07655	2772	3450	2613	3060	2598	3083	3612	3567	2578	3306	3299	3507
HP_RS07660	5988	9189	5824	8074	5214	6255	8468	7712	5537	7071	7279	7442
HP_RS07665	6496	9982	6964	4567	4045	4856	7299	7218	4800	6418	6289	6471
HP_RS07670	5295	7038	5464	2080	3070	3429	4818	5296	3281	4801	4164	4663
HP_RS07675	2562	2943	2553	3678	2358	2555	3374	3466	2293	3303	2958	3007
HP_RS07680	3694	4294	3373	4166	5418	5526	5120	4815	3204	4542	3818	4353
HP_RS07685	12918	24137	11485	14394	11131	14426	15596	11501	10627	11558	14158	11908
HP_RS07690	8831	20870	8248	20331	10078	13534	14115	11319	9951	10411	12892	11009
HP_RS07695	1308	1594	1133	3752	4279	4479	3195	2486	1955	2323	2454	2261
HP_RS07700	1249	1559	1188	2634	2291	2492	2227	1824	1435	1771	1707	1873
HP_RS07705	5732	5885	4987	4920	7505	8041	7927	8020	4780	7643	5944	7492
HP_RS07710	7074	8010	6001	8252	11372	12224	10405	9304	6876	8767	8754	9037
HP_RS07715	10214	12046	8893	9415	14292	14609	15891	14160	10212	12743	13028	12535
HP_RS07720	1164	1612	962	819	1245	1362	2246	2143	1467	2225	1753	2127
HP_RS07725	15948	21021	15125	11509	9519	10438	20289	23717	13210	22875	17716	21704
HP_RS07730	23009	28704	22112	12727	9541	10498	28993	35394	20812	33516	26862	35013
HP_RS07735	151446	193192	144770	120039	103607	115709	75872	72736	56284	73297	71475	73721
HP_RS07740	8180	14012	7496	39456	29290	34708	3908	2930	2974	3228	3725	3166
HP_RS07745	281	370	199	778	801	719	771	506	476	502	594	564
HP_RS07750	48	101	48	155	228	182	259	158	164	174	249	237
HP_RS07755	459	623	427	922	998	936	1138	825	704	879	852	848
HP_RS07760	650	585	607	1014	1137	994	1379	1075	944	1128	1176	1138
HP_RS07765	1004	1191	870	1349	1706	1677	1980	1636	1173	1465	1494	1493
HP_RS07770	749	744	632	1372	1512	1452	1958	1549	1061	1445	1325	1362
HP_RS07775	911	947	796	1382	1552	1491	2337	1696	1350	1645	1612	1643
HP_RS07780	1939	2447	1604	3242	3883	4070	4518	3418	2572	3473	3099	3421
HP_RS07785	1952	2636	1794	1458	1433	1496	2599	2410	1624	2532	1993	2470
HP_RS07790	3906	4468	3570	2870	3117	3255	4715	4383	3042	3986	3610	3762
HP_RS07795	1300	1841	1258	1369	1339	1313	1539	1365	1050	1192	1156	1281
HP_RS07800	1176	1416	1237	2349	1997	1990	1981	1684	1100	1550	1527	1553
HP_RS07805	736	839	828	918	972	1000	1744	1440	948	1302	1302	1164
HP_RS07810	0	0	0	0	0	0	0	0	0	0	0	0
HP_RS07815	423	574	349	562	599	688	957	734	553	744	813	684
HP_RS07820	526	662	492	874	585	666	1458	1254	825	1168	1161	1019
HP_RS07825	714	906	664	1354	1569	1636	2169	2037	1065	2048	1437	1799
HP_RS07830	1945	2301	1900	12757	8729	9807	4057	7933	2818	7659	3476	7281
HP_RS07835	1760	2013	1503	12278	8131	8919	3884	6878	2722	6712	3420	6309
HP_RS07840	462	561	346	1250	1243	1264	1054	1142	610	1058	682	1064
HP_RS07845	6100	7071	5708	5303	4306	4634	9515	8194	5710	7332	7423	7452
HP_RS07850	456	602	417	1756	1841	1865	913	605	480	591	718	580
HP_RS07855	653	1002	636	1129	1708	1737	999	842	622	858	764	834
HP_RS07910	9752	14394	9842	3246	5176	5589	12832	16814	7273	15163	11332	14939
HP_RS07860	42731	71509	40524	13244	16366	18895	43126	57551	27666	54756	39498	54445
HP_RS07865	523	561	500	1038	1646	1640	717	686	391	720	597	547
